## Redaxo Database Dump Version 5
## Prefix rex_
## charset utf8mb4

SET FOREIGN_KEY_CHECKS = 0;

DROP TABLE IF EXISTS `rex_action`;
CREATE TABLE `rex_action` (
  `id` int unsigned NOT NULL AUTO_INCREMENT,
  `name` varchar(255) CHARACTER SET utf8mb4 COLLATE utf8mb4_unicode_ci NOT NULL,
  `preview` text CHARACTER SET utf8mb4 COLLATE utf8mb4_unicode_ci,
  `presave` text CHARACTER SET utf8mb4 COLLATE utf8mb4_unicode_ci,
  `postsave` text CHARACTER SET utf8mb4 COLLATE utf8mb4_unicode_ci,
  `previewmode` tinyint DEFAULT NULL,
  `presavemode` tinyint DEFAULT NULL,
  `postsavemode` tinyint DEFAULT NULL,
  `createdate` datetime NOT NULL,
  `createuser` varchar(255) CHARACTER SET utf8mb4 COLLATE utf8mb4_unicode_ci NOT NULL,
  `updatedate` datetime NOT NULL,
  `updateuser` varchar(255) CHARACTER SET utf8mb4 COLLATE utf8mb4_unicode_ci NOT NULL,
  `revision` int unsigned NOT NULL,
  PRIMARY KEY (`id`)
) ENGINE=InnoDB DEFAULT CHARSET=utf8mb4 COLLATE=utf8mb4_unicode_ci;
DROP TABLE IF EXISTS `rex_article`;
CREATE TABLE `rex_article` (
  `pid` int unsigned NOT NULL AUTO_INCREMENT,
  `id` int unsigned NOT NULL,
  `parent_id` int unsigned NOT NULL,
  `name` varchar(255) CHARACTER SET utf8mb4 COLLATE utf8mb4_unicode_ci NOT NULL,
  `catname` varchar(255) CHARACTER SET utf8mb4 COLLATE utf8mb4_unicode_ci NOT NULL,
  `catpriority` int unsigned NOT NULL,
  `startarticle` tinyint(1) NOT NULL,
  `priority` int unsigned NOT NULL,
  `path` varchar(255) CHARACTER SET utf8mb4 COLLATE utf8mb4_unicode_ci NOT NULL,
  `status` tinyint(1) NOT NULL,
  `template_id` int unsigned NOT NULL,
  `clang_id` int unsigned NOT NULL,
  `createdate` datetime NOT NULL,
  `createuser` varchar(255) CHARACTER SET utf8mb4 COLLATE utf8mb4_unicode_ci NOT NULL,
  `updatedate` datetime NOT NULL,
  `updateuser` varchar(255) CHARACTER SET utf8mb4 COLLATE utf8mb4_unicode_ci NOT NULL,
  `revision` int unsigned NOT NULL,
  `cat_backenduser` varchar(255) CHARACTER SET utf8mb4 COLLATE utf8mb4_unicode_ci DEFAULT '1',
  `yrewrite_url_type` enum('AUTO','CUSTOM','REDIRECTION_INTERNAL','REDIRECTION_EXTERNAL') CHARACTER SET utf8mb4 COLLATE utf8mb4_unicode_ci NOT NULL DEFAULT 'AUTO',
  `yrewrite_url` text CHARACTER SET utf8mb4 COLLATE utf8mb4_unicode_ci NOT NULL,
  `yrewrite_redirection` varchar(191) CHARACTER SET utf8mb4 COLLATE utf8mb4_unicode_ci NOT NULL,
  `yrewrite_title` varchar(191) CHARACTER SET utf8mb4 COLLATE utf8mb4_unicode_ci NOT NULL,
  `yrewrite_description` text CHARACTER SET utf8mb4 COLLATE utf8mb4_unicode_ci NOT NULL,
  `yrewrite_changefreq` varchar(10) CHARACTER SET utf8mb4 COLLATE utf8mb4_unicode_ci NOT NULL,
  `yrewrite_priority` varchar(5) CHARACTER SET utf8mb4 COLLATE utf8mb4_unicode_ci NOT NULL,
  `yrewrite_index` tinyint(1) NOT NULL,
  `yrewrite_canonical_url` text CHARACTER SET utf8mb4 COLLATE utf8mb4_unicode_ci NOT NULL,
  `ycom_auth_type` int NOT NULL,
  `ycom_group_type` int NOT NULL,
  `ycom_groups` text CHARACTER SET utf8mb4 COLLATE utf8mb4_unicode_ci NOT NULL,
  PRIMARY KEY (`pid`),
  UNIQUE KEY `find_articles` (`id`,`clang_id`),
  KEY `id` (`id`),
  KEY `clang_id` (`clang_id`),
  KEY `parent_id` (`parent_id`)
) ENGINE=InnoDB AUTO_INCREMENT=23 DEFAULT CHARSET=utf8mb4 COLLATE=utf8mb4_unicode_ci;

LOCK TABLES `rex_article` WRITE;
/*!40000 ALTER TABLE `rex_article` DISABLE KEYS */;
INSERT INTO `rex_article` VALUES 
  (1,1,0,'Willkommen bei TTH','Start',1,1,1,'|',1,1,1,'2020-05-23 09:13:37','Thomas','2021-03-11 11:43:12','Thomas',0,'1','AUTO','','','','','','',0,'',0,0,''),
  (2,2,0,'Werkzeuge','Werkzeuge',3,1,1,'|',1,1,1,'2020-05-23 09:13:39','Thomas','2020-06-16 17:37:29','Thomas',0,'2','AUTO','','','','','','',0,'',0,0,''),
  (3,3,2,'Beziehungen neu konvertieren','Beziehungen',1,1,1,'|2|',1,1,1,'2020-05-23 09:13:45','Thomas','2020-05-23 16:42:00','Thomas',0,'1','AUTO','','','','','','',0,'',0,0,''),
  (4,4,0,'Abfragen','Abfragen',2,1,1,'|',1,1,1,'2020-05-23 19:57:49','Thomas','2020-05-25 11:49:35','Thomas',0,'1','AUTO','','','','','','',0,'',0,0,''),
  (5,5,4,'Wortteil suchen','Wortteil suchen',1,1,1,'|4|',1,1,1,'2020-05-23 21:25:14','Thomas','2020-06-26 15:16:37','Thomas',0,'1','AUTO','','','','','','',0,'',0,0,''),
  (6,6,4,'Detailansicht','Detailansicht',2,1,1,'|4|',1,1,1,'2020-05-23 21:25:15','Thomas','2021-03-07 15:29:18','Thomas',0,'1','AUTO','','','','','','',0,'',0,0,''),
  (7,7,4,'Alle Begriffe','Alle Begriffe',3,1,1,'|4|',1,1,1,'2020-05-25 11:48:10','Thomas','2021-03-22 18:37:05','Thomas',0,'1','AUTO','','','','','','',0,'',0,0,''),
  (8,8,4,'Quelle','Quelle',5,1,1,'|4|',1,1,1,'2020-06-04 11:33:07','Thomas','2020-06-11 11:46:04','Thomas',0,'1','AUTO','','','','','','',0,'',0,0,''),
  (9,9,4,'Übersichten','Übersichten',6,1,1,'|4|',1,1,1,'2020-06-04 11:36:44','Thomas','2021-03-11 15:53:46','Thomas',0,'1','AUTO','','','','','','',0,'',0,0,''),
  (10,10,2,'Quellen konvertieren','Quellen konvertieren',2,1,1,'|2|',1,1,1,'2020-06-10 22:29:38','Thomas','2020-06-16 17:31:19','Thomas',0,'3','AUTO','','','','','','',0,'',0,0,''),
  (11,11,4,'Neue Suche','Neue Suche',7,1,1,'|4|',0,1,1,'2020-06-12 12:06:13','Thomas','2020-06-12 12:06:13','Thomas',0,'1','AUTO','','','','','','',0,'',0,0,''),
  (12,12,0,'Tests','Tests',4,1,1,'|',0,1,1,'2020-10-22 19:29:48','Thomas','2020-06-24 22:01:51','Thomas',0,'1','AUTO','','','','','','',0,'',0,0,''),
  (13,13,0,'Blog','Blog',5,1,1,'|',1,1,1,'2020-10-22 19:18:26','Thomas','2020-10-23 13:40:16','Thomas',0,'1','AUTO','','','','','','',0,'',0,0,''),
  (15,15,13,'Wissensdatenbank ins Leben gerufen','Blog',0,0,2,'|13|',1,3,1,'2020-10-22 20:46:15','Thomas','2020-10-26 11:33:58','Thomas',0,'1','AUTO','','','','','','',0,'',0,0,''),
  (16,16,13,'2','Blog',0,0,3,'|13|',1,3,1,'2020-10-22 20:46:33','Thomas','2020-10-23 15:02:31','Thomas',0,'1','AUTO','','','','','','',0,'',0,0,''),
  (17,17,13,'4','Blog',0,0,4,'|13|',1,3,1,'2020-10-22 20:48:37','Thomas','2020-10-23 16:55:26','Thomas',0,'1','AUTO','','','','','','',0,'',0,0,''),
  (18,18,13,'Der Grundgedanke','Blog',0,0,5,'|13|',1,3,1,'2020-10-23 21:23:38','Timm','2020-10-23 21:24:22','Timm',0,'1','AUTO','','','','','','',0,'',0,0,''),
  (19,19,0,'Impressum','Impressum',6,1,1,'|',0,1,1,'2020-10-29 16:26:24','Thomas','2021-02-08 11:31:17','Thomas',0,'1','AUTO','','','','','','',0,'',0,0,''),
  (20,20,4,'Schlagwörter','Schlagwörter',8,1,1,'|4|',1,1,1,'2021-02-08 16:24:37','Thomas','2021-02-10 12:51:33','Thomas',0,'1','AUTO','','','','','','',0,'',0,0,''),
  (21,21,2,'Glossar','Glossar',3,1,1,'|2|',1,1,1,'2021-02-22 18:31:56','Thomas','2021-02-22 18:32:44','Thomas',0,'1','AUTO','','','','','','',0,'',0,0,''),
  (22,22,4,'Hierarchie','Hierarchie',4,1,1,'|4|',1,1,1,'2021-03-07 15:28:35','Thomas','2021-03-07 15:29:06','Thomas',0,'1','AUTO','','','','','','',0,'',0,0,'');
/*!40000 ALTER TABLE `rex_article` ENABLE KEYS */;
UNLOCK TABLES;

DROP TABLE IF EXISTS `rex_article_slice`;
CREATE TABLE `rex_article_slice` (
  `id` int unsigned NOT NULL AUTO_INCREMENT,
  `article_id` int unsigned NOT NULL,
  `clang_id` int unsigned NOT NULL,
  `ctype_id` int unsigned NOT NULL,
  `module_id` int unsigned NOT NULL,
  `revision` int NOT NULL,
  `priority` int unsigned NOT NULL,
  `status` tinyint(1) NOT NULL DEFAULT '1',
  `value1` mediumtext CHARACTER SET utf8mb4 COLLATE utf8mb4_unicode_ci,
  `value2` mediumtext CHARACTER SET utf8mb4 COLLATE utf8mb4_unicode_ci,
  `value3` mediumtext CHARACTER SET utf8mb4 COLLATE utf8mb4_unicode_ci,
  `value4` mediumtext CHARACTER SET utf8mb4 COLLATE utf8mb4_unicode_ci,
  `value5` mediumtext CHARACTER SET utf8mb4 COLLATE utf8mb4_unicode_ci,
  `value6` mediumtext CHARACTER SET utf8mb4 COLLATE utf8mb4_unicode_ci,
  `value7` mediumtext CHARACTER SET utf8mb4 COLLATE utf8mb4_unicode_ci,
  `value8` mediumtext CHARACTER SET utf8mb4 COLLATE utf8mb4_unicode_ci,
  `value9` mediumtext CHARACTER SET utf8mb4 COLLATE utf8mb4_unicode_ci,
  `value10` mediumtext CHARACTER SET utf8mb4 COLLATE utf8mb4_unicode_ci,
  `value11` mediumtext CHARACTER SET utf8mb4 COLLATE utf8mb4_unicode_ci,
  `value12` mediumtext CHARACTER SET utf8mb4 COLLATE utf8mb4_unicode_ci,
  `value13` mediumtext CHARACTER SET utf8mb4 COLLATE utf8mb4_unicode_ci,
  `value14` mediumtext CHARACTER SET utf8mb4 COLLATE utf8mb4_unicode_ci,
  `value15` mediumtext CHARACTER SET utf8mb4 COLLATE utf8mb4_unicode_ci,
  `value16` mediumtext CHARACTER SET utf8mb4 COLLATE utf8mb4_unicode_ci,
  `value17` mediumtext CHARACTER SET utf8mb4 COLLATE utf8mb4_unicode_ci,
  `value18` mediumtext CHARACTER SET utf8mb4 COLLATE utf8mb4_unicode_ci,
  `value19` mediumtext CHARACTER SET utf8mb4 COLLATE utf8mb4_unicode_ci,
  `value20` mediumtext CHARACTER SET utf8mb4 COLLATE utf8mb4_unicode_ci,
  `media1` varchar(255) CHARACTER SET utf8mb4 COLLATE utf8mb4_unicode_ci DEFAULT NULL,
  `media2` varchar(255) CHARACTER SET utf8mb4 COLLATE utf8mb4_unicode_ci DEFAULT NULL,
  `media3` varchar(255) CHARACTER SET utf8mb4 COLLATE utf8mb4_unicode_ci DEFAULT NULL,
  `media4` varchar(255) CHARACTER SET utf8mb4 COLLATE utf8mb4_unicode_ci DEFAULT NULL,
  `media5` varchar(255) CHARACTER SET utf8mb4 COLLATE utf8mb4_unicode_ci DEFAULT NULL,
  `media6` varchar(255) CHARACTER SET utf8mb4 COLLATE utf8mb4_unicode_ci DEFAULT NULL,
  `media7` varchar(255) CHARACTER SET utf8mb4 COLLATE utf8mb4_unicode_ci DEFAULT NULL,
  `media8` varchar(255) CHARACTER SET utf8mb4 COLLATE utf8mb4_unicode_ci DEFAULT NULL,
  `media9` varchar(255) CHARACTER SET utf8mb4 COLLATE utf8mb4_unicode_ci DEFAULT NULL,
  `media10` varchar(255) CHARACTER SET utf8mb4 COLLATE utf8mb4_unicode_ci DEFAULT NULL,
  `medialist1` text CHARACTER SET utf8mb4 COLLATE utf8mb4_unicode_ci,
  `medialist2` text CHARACTER SET utf8mb4 COLLATE utf8mb4_unicode_ci,
  `medialist3` text CHARACTER SET utf8mb4 COLLATE utf8mb4_unicode_ci,
  `medialist4` text CHARACTER SET utf8mb4 COLLATE utf8mb4_unicode_ci,
  `medialist5` text CHARACTER SET utf8mb4 COLLATE utf8mb4_unicode_ci,
  `medialist6` text CHARACTER SET utf8mb4 COLLATE utf8mb4_unicode_ci,
  `medialist7` text CHARACTER SET utf8mb4 COLLATE utf8mb4_unicode_ci,
  `medialist8` text CHARACTER SET utf8mb4 COLLATE utf8mb4_unicode_ci,
  `medialist9` text CHARACTER SET utf8mb4 COLLATE utf8mb4_unicode_ci,
  `medialist10` text CHARACTER SET utf8mb4 COLLATE utf8mb4_unicode_ci,
  `link1` varchar(10) CHARACTER SET utf8mb4 COLLATE utf8mb4_unicode_ci DEFAULT NULL,
  `link2` varchar(10) CHARACTER SET utf8mb4 COLLATE utf8mb4_unicode_ci DEFAULT NULL,
  `link3` varchar(10) CHARACTER SET utf8mb4 COLLATE utf8mb4_unicode_ci DEFAULT NULL,
  `link4` varchar(10) CHARACTER SET utf8mb4 COLLATE utf8mb4_unicode_ci DEFAULT NULL,
  `link5` varchar(10) CHARACTER SET utf8mb4 COLLATE utf8mb4_unicode_ci DEFAULT NULL,
  `link6` varchar(10) CHARACTER SET utf8mb4 COLLATE utf8mb4_unicode_ci DEFAULT NULL,
  `link7` varchar(10) CHARACTER SET utf8mb4 COLLATE utf8mb4_unicode_ci DEFAULT NULL,
  `link8` varchar(10) CHARACTER SET utf8mb4 COLLATE utf8mb4_unicode_ci DEFAULT NULL,
  `link9` varchar(10) CHARACTER SET utf8mb4 COLLATE utf8mb4_unicode_ci DEFAULT NULL,
  `link10` varchar(10) CHARACTER SET utf8mb4 COLLATE utf8mb4_unicode_ci DEFAULT NULL,
  `linklist1` text CHARACTER SET utf8mb4 COLLATE utf8mb4_unicode_ci,
  `linklist2` text CHARACTER SET utf8mb4 COLLATE utf8mb4_unicode_ci,
  `linklist3` text CHARACTER SET utf8mb4 COLLATE utf8mb4_unicode_ci,
  `linklist4` text CHARACTER SET utf8mb4 COLLATE utf8mb4_unicode_ci,
  `linklist5` text CHARACTER SET utf8mb4 COLLATE utf8mb4_unicode_ci,
  `linklist6` text CHARACTER SET utf8mb4 COLLATE utf8mb4_unicode_ci,
  `linklist7` text CHARACTER SET utf8mb4 COLLATE utf8mb4_unicode_ci,
  `linklist8` text CHARACTER SET utf8mb4 COLLATE utf8mb4_unicode_ci,
  `linklist9` text CHARACTER SET utf8mb4 COLLATE utf8mb4_unicode_ci,
  `linklist10` text CHARACTER SET utf8mb4 COLLATE utf8mb4_unicode_ci,
  `createdate` datetime NOT NULL,
  `createuser` varchar(255) CHARACTER SET utf8mb4 COLLATE utf8mb4_unicode_ci NOT NULL,
  `updatedate` datetime NOT NULL,
  `updateuser` varchar(255) CHARACTER SET utf8mb4 COLLATE utf8mb4_unicode_ci NOT NULL,
  PRIMARY KEY (`id`),
  KEY `slice_priority` (`article_id`,`priority`,`module_id`),
  KEY `clang_id` (`clang_id`),
  KEY `article_id` (`article_id`),
  KEY `find_slices` (`clang_id`,`article_id`)
) ENGINE=InnoDB AUTO_INCREMENT=47 DEFAULT CHARSET=utf8mb4 COLLATE=utf8mb4_unicode_ci;

LOCK TABLES `rex_article_slice` WRITE;
/*!40000 ALTER TABLE `rex_article_slice` DISABLE KEYS */;
INSERT INTO `rex_article_slice` VALUES 
  (1,1,1,1,2,0,2,1,'Dies ist ein internes Demo-Projekt. Für die Domain \"tth.kuehne-webdienste.de\" und alle hier sichtbaren Inhalte gelten [Impressum](https://www.kuehne-webdienste.de/index.php?article_id=2) und [Datenschutzerklärung](https://www.kuehne-webdienste.de/index.php?article_id=68) von KÜHNE-Webdienste.de.\r\n',NULL,NULL,NULL,NULL,NULL,NULL,NULL,NULL,NULL,NULL,NULL,NULL,NULL,NULL,NULL,NULL,NULL,NULL,NULL,NULL,NULL,NULL,NULL,NULL,NULL,NULL,NULL,NULL,NULL,NULL,NULL,NULL,NULL,NULL,NULL,NULL,NULL,NULL,NULL,NULL,NULL,NULL,NULL,NULL,NULL,NULL,NULL,NULL,NULL,NULL,NULL,NULL,NULL,NULL,NULL,NULL,NULL,NULL,NULL,'2020-05-22 16:42:21','Thomas','2020-05-22 16:46:01','Thomas'),
  (3,3,1,1,2,0,1,1,'Beziehungstabelle neu schreiben. Es kann nur eine Beziehung gleichzeitig konvertiert werden.\r\n',NULL,NULL,NULL,NULL,NULL,NULL,NULL,NULL,NULL,NULL,NULL,NULL,NULL,NULL,NULL,NULL,NULL,NULL,NULL,NULL,NULL,NULL,NULL,NULL,NULL,NULL,NULL,NULL,NULL,NULL,NULL,NULL,NULL,NULL,NULL,NULL,NULL,NULL,NULL,NULL,NULL,NULL,NULL,NULL,NULL,NULL,NULL,NULL,NULL,NULL,NULL,NULL,NULL,NULL,NULL,NULL,NULL,NULL,NULL,'2020-05-22 18:06:34','Thomas','2020-05-23 16:12:15','Thomas'),
  (4,3,1,1,1,0,3,1,'','','choice|fieldtype|zu konvertierende Spalte|Grobgliederung,ND_Beleg Quellen,Oberbegriffe,Unterbegriffe,Aequivalente Begriffe,Verwandte Begriffe\r\nsubmit|startconvert|Starte Konvertieren| convertnow\r\naction|callback|convertCallback','','','','0','',NULL,NULL,NULL,'',NULL,NULL,NULL,NULL,NULL,NULL,NULL,NULL,NULL,NULL,NULL,NULL,NULL,NULL,NULL,NULL,NULL,NULL,NULL,NULL,NULL,NULL,NULL,NULL,NULL,NULL,NULL,NULL,NULL,NULL,NULL,NULL,NULL,NULL,NULL,NULL,NULL,NULL,NULL,NULL,NULL,NULL,NULL,NULL,NULL,NULL,NULL,NULL,'2020-05-22 18:13:33','Thomas','2020-05-23 16:27:31','Thomas'),
  (5,1,1,1,2,0,4,1,'## Ideen für Abfragen\r\n\r\n* [Alle Begriffe alphabetisch nach Anfangsbuchstaben gruppiert](redaxo://4)\r\n* [Suchfeld](redaxo://5)\r\n* [Ein Begriff alle Infos (IDs der Beziehungen müssen als Namen aufgelöst werden)](redaxo://6)\r\n* Ein Begriff alle Infos *mit Links*\r\n* Alle Begriffe für Kriterium aus anderer Tabelle z.B. alle eines Autors\r\n* Alle Begriffe für Beziehung, z.B. alle für eine Begriff, der eine bestimmte Grobgliederung ist\r\n\r\n## Werkzeuge\r\n\r\n* [Konvertieren einzelne n:m-Tabelle](redaxo://3)\r\n\r\n\r\n\r\n\r\n\r\n',NULL,NULL,NULL,NULL,NULL,NULL,NULL,NULL,NULL,NULL,NULL,NULL,NULL,NULL,NULL,NULL,NULL,NULL,NULL,NULL,NULL,NULL,NULL,NULL,NULL,NULL,NULL,NULL,NULL,NULL,NULL,NULL,NULL,NULL,NULL,NULL,NULL,NULL,NULL,NULL,NULL,NULL,NULL,NULL,NULL,NULL,NULL,NULL,NULL,NULL,NULL,NULL,NULL,NULL,NULL,NULL,NULL,NULL,NULL,'2020-05-23 08:56:13','Thomas','2020-05-25 21:12:18','Thomas'),
  (6,1,1,1,2,0,3,1,'Du musst dich [im Backend Redaxo einloggen](redaxo/), um Tabellen bearbeiten zu können.\r\n\r\nHier im Frontend gibt es nur die Ansichten und \"Abfragen\", die beliebig gestaltet werden können. Allerdings muss ich diese Ansichten programmieren und einrichten. Du kannst sie nicht selbst zusammenstellen.',NULL,NULL,NULL,NULL,NULL,NULL,NULL,NULL,NULL,NULL,NULL,NULL,NULL,NULL,NULL,NULL,NULL,NULL,NULL,NULL,NULL,NULL,NULL,NULL,NULL,NULL,NULL,NULL,NULL,NULL,NULL,NULL,NULL,NULL,NULL,NULL,NULL,NULL,NULL,NULL,NULL,NULL,NULL,NULL,NULL,NULL,NULL,NULL,NULL,NULL,NULL,NULL,NULL,NULL,NULL,NULL,NULL,NULL,NULL,'2020-05-23 08:58:35','Thomas','2020-05-23 08:58:35','Thomas'),
  (7,3,1,1,2,0,2,1,'<div class=\"alert alert-danger\" role=\"alert\">\r\n\r\nAlle  (semikolongetrennten) Originaldaten werden **hinzugefügt**. Das bedeutet, dass dadurch Dopplungen mit bereits eingegebenen und früheren Konvertierungen auftreten können. Dies wird im Gegensatz zu Datenverlust jedoch als das geringere Übel angesehen. \r\n\r\nBitte erstelle vorher ein Backup der DB!\r\n\r\n</div>',NULL,NULL,NULL,NULL,NULL,NULL,NULL,NULL,NULL,NULL,NULL,NULL,NULL,NULL,NULL,NULL,NULL,NULL,NULL,NULL,NULL,NULL,NULL,NULL,NULL,NULL,NULL,NULL,NULL,NULL,NULL,NULL,NULL,NULL,NULL,NULL,NULL,NULL,NULL,NULL,NULL,NULL,NULL,NULL,NULL,NULL,NULL,NULL,NULL,NULL,NULL,NULL,NULL,NULL,NULL,NULL,NULL,NULL,NULL,'2020-05-23 16:15:44','Thomas','2020-05-23 16:42:00','Thomas'),
  (10,4,1,1,4,0,2,1,NULL,NULL,NULL,NULL,NULL,NULL,NULL,NULL,NULL,NULL,NULL,NULL,NULL,NULL,NULL,NULL,NULL,NULL,NULL,NULL,NULL,NULL,NULL,NULL,NULL,NULL,NULL,NULL,NULL,NULL,NULL,NULL,NULL,NULL,NULL,NULL,NULL,NULL,NULL,NULL,NULL,NULL,NULL,NULL,NULL,NULL,NULL,NULL,NULL,NULL,NULL,NULL,NULL,NULL,NULL,NULL,NULL,NULL,NULL,NULL,'2020-05-23 20:28:07','Thomas','2020-05-23 20:28:07','Thomas'),
  (11,4,1,1,2,0,1,1,'Das sind besonders einfache Beispiele. Du musst dir vorstellen, dass hier \"alles\" möglich ist. Tabellen, Listen, laufende Texte, ...\r\n\r\nNur der Zeit-Aufwand und unsere Kreativität begrenzen es.\r\n\r\n## Nach Anfangsbuchstaben\r\n\r\nBis jetzt wird nicht vorab erkannt ob ein Buchstabe nicht vertreten ist. Ä,Ö,Ü und ß sind bei A,O,U und S eingeordnet (wobei es keinen Begriff mit ß am Anfang geben wird ;-)\r\n',NULL,NULL,NULL,NULL,NULL,NULL,NULL,NULL,NULL,NULL,NULL,NULL,NULL,NULL,NULL,NULL,NULL,NULL,NULL,NULL,NULL,NULL,NULL,NULL,NULL,NULL,NULL,NULL,NULL,NULL,NULL,NULL,NULL,NULL,NULL,NULL,NULL,NULL,NULL,NULL,NULL,NULL,NULL,NULL,NULL,NULL,NULL,NULL,NULL,NULL,NULL,NULL,NULL,NULL,NULL,NULL,NULL,NULL,NULL,'2020-05-23 20:28:22','Thomas','2020-05-25 11:40:34','Thomas'),
  (12,6,1,1,5,0,1,1,NULL,NULL,NULL,NULL,NULL,NULL,NULL,NULL,NULL,NULL,NULL,NULL,NULL,NULL,NULL,NULL,NULL,NULL,NULL,NULL,NULL,NULL,NULL,NULL,NULL,NULL,NULL,NULL,NULL,NULL,NULL,NULL,NULL,NULL,NULL,NULL,NULL,NULL,NULL,NULL,'8','20',NULL,NULL,NULL,NULL,NULL,NULL,NULL,NULL,NULL,NULL,NULL,NULL,NULL,NULL,NULL,NULL,NULL,NULL,'2020-05-25 10:53:54','Thomas','2021-02-08 16:24:53','Thomas'),
  (15,7,1,1,2,0,1,1,'Alphabetische Gesamtliste. Auf Verlinkung habe ich aus Gründen der Übersicht verzichtet. Als Startpunkt eignet sich am besten die [Buchstabenliste](redaxo://4).',NULL,NULL,NULL,NULL,NULL,NULL,NULL,NULL,NULL,NULL,NULL,NULL,NULL,NULL,NULL,NULL,NULL,NULL,NULL,NULL,NULL,NULL,NULL,NULL,NULL,NULL,NULL,NULL,NULL,NULL,NULL,NULL,NULL,NULL,NULL,NULL,NULL,NULL,NULL,NULL,NULL,NULL,NULL,NULL,NULL,NULL,NULL,NULL,NULL,NULL,NULL,NULL,NULL,NULL,NULL,NULL,NULL,NULL,NULL,'2020-05-25 11:48:58','Thomas','2020-05-25 21:10:18','Thomas'),
  (16,1,1,1,2,0,1,1,'<div class=\"alert alert-info\">Artikelinhalte HIER nicht mehr editieren, nur noch online!!</div>\r\n<div class=\"alert alert-danger\">tth_*-Tabellen dürfen auch <strong>nicht mehr</strong> per SQL-Dump übertragen werden.</div>',NULL,NULL,NULL,NULL,NULL,NULL,NULL,NULL,NULL,NULL,NULL,NULL,NULL,NULL,NULL,NULL,NULL,NULL,NULL,NULL,NULL,NULL,NULL,NULL,NULL,NULL,NULL,NULL,NULL,NULL,NULL,NULL,NULL,NULL,NULL,NULL,NULL,NULL,NULL,NULL,NULL,NULL,NULL,NULL,NULL,NULL,NULL,NULL,NULL,NULL,NULL,NULL,NULL,NULL,NULL,NULL,NULL,NULL,NULL,'2020-05-26 10:48:43','Thomas','2021-03-11 11:43:12','Thomas'),
  (18,8,1,1,6,0,1,1,NULL,NULL,NULL,NULL,NULL,NULL,NULL,NULL,NULL,NULL,NULL,NULL,NULL,NULL,NULL,NULL,NULL,NULL,NULL,NULL,NULL,NULL,NULL,NULL,NULL,NULL,NULL,NULL,NULL,NULL,NULL,NULL,NULL,NULL,NULL,NULL,NULL,NULL,NULL,NULL,NULL,NULL,NULL,NULL,NULL,NULL,NULL,NULL,NULL,NULL,NULL,NULL,NULL,NULL,NULL,NULL,NULL,NULL,NULL,NULL,'2020-05-26 11:04:04','Thomas','2020-05-26 11:04:04','Thomas'),
  (21,5,1,1,7,0,1,1,NULL,NULL,NULL,NULL,NULL,NULL,NULL,NULL,NULL,NULL,NULL,NULL,NULL,NULL,NULL,NULL,NULL,NULL,NULL,NULL,NULL,NULL,NULL,NULL,NULL,NULL,NULL,NULL,NULL,NULL,NULL,NULL,NULL,NULL,NULL,NULL,NULL,NULL,NULL,NULL,'6',NULL,NULL,NULL,NULL,NULL,NULL,NULL,NULL,NULL,NULL,NULL,NULL,NULL,NULL,NULL,NULL,NULL,NULL,NULL,'2020-05-26 14:45:02','Thomas','2020-05-26 15:20:34','Thomas'),
  (22,5,1,1,2,0,2,1,'Einfach in tth_view_list_param rein:\r\n\r\n* Liste nach Asuwahl\r\n* dabei alle M;glichkeiten einfach auflisten, erstmal ohne Dropdown\r\n* Trenne von View wo Eingabe eines Begriffes erforderlich (innere Beziehungen), dies koennte man in Detailansicht integrieren\r\n\r\nBsp:\r\n\r\nSprache: Deutsch | English | ... | nicht gesetzt\r\nSprachstil: Allgemein | ... | nicht gesetzt',NULL,NULL,NULL,NULL,NULL,NULL,NULL,NULL,NULL,NULL,NULL,NULL,NULL,NULL,NULL,NULL,NULL,NULL,NULL,NULL,NULL,NULL,NULL,NULL,NULL,NULL,NULL,NULL,NULL,NULL,NULL,NULL,NULL,NULL,NULL,NULL,NULL,NULL,NULL,NULL,NULL,NULL,NULL,NULL,NULL,NULL,NULL,NULL,NULL,NULL,NULL,NULL,NULL,NULL,NULL,NULL,NULL,NULL,NULL,'2020-05-26 15:28:42','Thomas','2020-05-26 15:38:32','Thomas'),
  (23,9,1,1,8,0,3,1,'sources~Quellen',NULL,NULL,NULL,NULL,NULL,NULL,NULL,NULL,NULL,NULL,NULL,NULL,NULL,NULL,NULL,NULL,NULL,NULL,NULL,NULL,NULL,NULL,NULL,NULL,NULL,NULL,NULL,NULL,NULL,NULL,NULL,NULL,NULL,NULL,NULL,NULL,NULL,NULL,NULL,NULL,NULL,NULL,NULL,NULL,NULL,NULL,NULL,NULL,NULL,NULL,NULL,NULL,NULL,NULL,NULL,NULL,NULL,NULL,NULL,'2020-05-26 20:24:50','Thomas','2021-03-11 15:53:21','Thomas'),
  (24,9,1,1,8,0,2,1,'authors~Autoren',NULL,NULL,NULL,NULL,NULL,NULL,NULL,NULL,NULL,NULL,NULL,NULL,NULL,NULL,NULL,NULL,NULL,NULL,NULL,NULL,NULL,NULL,NULL,NULL,NULL,NULL,NULL,NULL,NULL,NULL,NULL,NULL,NULL,NULL,NULL,NULL,NULL,NULL,NULL,NULL,NULL,NULL,NULL,NULL,NULL,NULL,NULL,NULL,NULL,NULL,NULL,NULL,NULL,NULL,NULL,NULL,NULL,NULL,NULL,'2020-05-28 10:51:29','Thomas','2021-03-11 15:53:04','Thomas'),
  (25,9,1,1,8,0,4,1,'languages~Sprachen',NULL,NULL,NULL,NULL,NULL,NULL,NULL,NULL,NULL,NULL,NULL,NULL,NULL,NULL,NULL,NULL,NULL,NULL,NULL,NULL,NULL,NULL,NULL,NULL,NULL,NULL,NULL,NULL,NULL,NULL,NULL,NULL,NULL,NULL,NULL,NULL,NULL,NULL,NULL,NULL,NULL,NULL,NULL,NULL,NULL,NULL,NULL,NULL,NULL,NULL,NULL,NULL,NULL,NULL,NULL,NULL,NULL,NULL,NULL,'2020-05-28 10:51:43','Thomas','2021-03-11 15:53:31','Thomas'),
  (26,9,1,1,8,0,5,1,'languagestyles~Sprachstile',NULL,NULL,NULL,NULL,NULL,NULL,NULL,NULL,NULL,NULL,NULL,NULL,NULL,NULL,NULL,NULL,NULL,NULL,NULL,NULL,NULL,NULL,NULL,NULL,NULL,NULL,NULL,NULL,NULL,NULL,NULL,NULL,NULL,NULL,NULL,NULL,NULL,NULL,NULL,NULL,NULL,NULL,NULL,NULL,NULL,NULL,NULL,NULL,NULL,NULL,NULL,NULL,NULL,NULL,NULL,NULL,NULL,NULL,NULL,'2020-05-28 10:52:35','Thomas','2021-03-11 15:53:36','Thomas'),
  (27,9,1,1,8,0,6,1,'regions~Regionen',NULL,NULL,NULL,NULL,NULL,NULL,NULL,NULL,NULL,NULL,NULL,NULL,NULL,NULL,NULL,NULL,NULL,NULL,NULL,NULL,NULL,NULL,NULL,NULL,NULL,NULL,NULL,NULL,NULL,NULL,NULL,NULL,NULL,NULL,NULL,NULL,NULL,NULL,NULL,NULL,NULL,NULL,NULL,NULL,NULL,NULL,NULL,NULL,NULL,NULL,NULL,NULL,NULL,NULL,NULL,NULL,NULL,NULL,NULL,'2020-05-28 10:52:41','Thomas','2021-03-11 15:53:46','Thomas'),
  (28,9,1,1,8,0,1,1,'states~Begriffsstati',NULL,NULL,NULL,NULL,NULL,NULL,NULL,NULL,NULL,NULL,NULL,NULL,NULL,NULL,NULL,NULL,NULL,NULL,NULL,NULL,NULL,NULL,NULL,NULL,NULL,NULL,NULL,NULL,NULL,NULL,NULL,NULL,NULL,NULL,NULL,NULL,NULL,NULL,NULL,NULL,NULL,NULL,NULL,NULL,NULL,NULL,NULL,NULL,NULL,NULL,NULL,NULL,NULL,NULL,NULL,NULL,NULL,NULL,NULL,'2020-05-28 10:52:54','Thomas','2021-03-11 15:40:26','Thomas'),
  (29,10,1,1,9,0,1,1,NULL,NULL,NULL,NULL,NULL,NULL,NULL,NULL,NULL,NULL,NULL,NULL,NULL,NULL,NULL,NULL,NULL,NULL,NULL,NULL,NULL,NULL,NULL,NULL,NULL,NULL,NULL,NULL,NULL,NULL,NULL,NULL,NULL,NULL,NULL,NULL,NULL,NULL,NULL,NULL,NULL,NULL,NULL,NULL,NULL,NULL,NULL,NULL,NULL,NULL,NULL,NULL,NULL,NULL,NULL,NULL,NULL,NULL,NULL,NULL,'2020-06-10 22:24:33','Thomas','2020-06-10 22:24:33','Thomas'),
  (30,10,1,1,1,0,2,1,'','','submit|startconvert|Starte Quellen Konvertieren| convertnow\r\naction|callback|convertSourcesCallback','','','','0','',NULL,NULL,NULL,'',NULL,NULL,NULL,NULL,NULL,NULL,NULL,NULL,NULL,NULL,NULL,NULL,NULL,NULL,NULL,NULL,NULL,NULL,NULL,NULL,NULL,NULL,NULL,NULL,NULL,NULL,NULL,NULL,NULL,NULL,NULL,NULL,NULL,NULL,NULL,NULL,NULL,NULL,NULL,NULL,NULL,NULL,NULL,NULL,NULL,NULL,NULL,NULL,'2020-06-10 22:29:17','Thomas','2020-06-10 22:29:17','Thomas'),
  (31,7,1,1,4,0,2,1,NULL,NULL,NULL,NULL,NULL,NULL,NULL,NULL,NULL,NULL,NULL,NULL,NULL,NULL,NULL,NULL,NULL,NULL,NULL,NULL,NULL,NULL,NULL,NULL,NULL,NULL,NULL,NULL,NULL,NULL,NULL,NULL,NULL,NULL,NULL,NULL,NULL,NULL,NULL,NULL,'6',NULL,NULL,NULL,NULL,NULL,NULL,NULL,NULL,NULL,NULL,NULL,NULL,NULL,NULL,NULL,NULL,NULL,NULL,NULL,'2020-06-13 17:46:31','Thomas','2021-03-22 15:02:53','Thomas'),
  (32,12,1,1,2,0,1,1,'Hier werden Teile getestet, welche nicht oder nur sehr umständlich durch user-sichtbare Ausgaben verifiziert werden können.\r\n\r\nCypress überprüft die Ausgaben.\r\n\r\nWenn nötig, wird ein eigenes Template dafür angelegt, um zu vermeiden, dass nur für die Tests weitere Module angelegt werden müssen.',NULL,NULL,NULL,NULL,NULL,NULL,NULL,NULL,NULL,NULL,NULL,NULL,NULL,NULL,NULL,NULL,NULL,NULL,NULL,NULL,NULL,NULL,NULL,NULL,NULL,NULL,NULL,NULL,NULL,NULL,NULL,NULL,NULL,NULL,NULL,NULL,NULL,NULL,NULL,NULL,NULL,NULL,NULL,NULL,NULL,NULL,NULL,NULL,NULL,NULL,NULL,NULL,NULL,NULL,NULL,NULL,NULL,NULL,NULL,'2020-06-24 22:00:38','Thomas','2020-06-24 22:01:51','Thomas'),
  (33,13,1,1,12,0,2,1,'Blog Startseite sollte nicht verändert werden!',NULL,NULL,NULL,NULL,NULL,NULL,NULL,NULL,NULL,NULL,NULL,NULL,NULL,NULL,NULL,NULL,NULL,NULL,NULL,NULL,NULL,NULL,NULL,NULL,NULL,NULL,NULL,NULL,NULL,NULL,NULL,NULL,NULL,NULL,NULL,NULL,NULL,NULL,NULL,NULL,NULL,NULL,NULL,NULL,NULL,NULL,NULL,NULL,NULL,NULL,NULL,NULL,NULL,NULL,NULL,NULL,NULL,NULL,NULL,'2020-10-22 19:19:04','Thomas','2020-10-22 19:19:04','Thomas'),
  (34,13,1,1,13,0,3,1,NULL,NULL,NULL,NULL,NULL,NULL,NULL,NULL,NULL,NULL,NULL,NULL,NULL,NULL,NULL,NULL,NULL,NULL,NULL,NULL,NULL,NULL,NULL,NULL,NULL,NULL,NULL,NULL,NULL,NULL,NULL,NULL,NULL,NULL,NULL,NULL,NULL,NULL,NULL,NULL,NULL,NULL,NULL,NULL,NULL,NULL,NULL,NULL,NULL,NULL,NULL,NULL,NULL,NULL,NULL,NULL,NULL,NULL,NULL,NULL,'2020-10-22 19:29:40','Thomas','2020-10-22 19:29:40','Thomas'),
  (36,15,1,1,2,0,1,1,'Die Idee zu diesem Projekt entstand durch die Bachelor-Arbeit *\"Erstellen eines\r\nkontrollierten Vokabulars in der Form eines Thesaurus zum Thema\r\n„Traditioneller Holzbau“\"* von Timm Miersch.\r\n\r\nDie dargestellten Begriffe und Definitionen stammen zunächst aus Fachbüchern über den Holzbau.\r\n\r\nDazu wurde eine grundlegende Datenbank für die Darstellung des Materials zunächst in \"Microsoft Access\", dann mit dem wissenschaftlichen Thesaurus-Werkzeug \"x-tree\" erstellt.\r\n\r\nSchon von Anfang an stand die zum wissenschaftlichen Thesaurus parallele Entwicklung einer öffentlichen verfügbaren Datenbank im Fokus des Autors, welche es einer breiten (Fach-)Öffentlichkeit erlauben soll, nicht nur Begriffe und Definitionen nachzuschlagen sondern auch die Inhalte bearbeiten zu können, ähnlich einem Wiki.\r\n\r\nSo soll durch die \"Schwarm-Intelligenz\" vieler Beitragenden das Wissen um die Begriffe des Holzbaus erweitert und aus ihrer wissenschaftlichen Abgeschlossenheit herausgelöst werden, um umgekehrt den Thesaurus selbst mit Wissen aus der (handwerklichen) Praxis zu ergänzen bzw. zu korrigieren.\r\n\r\nBei diesem Vorgang soll nicht zuletzt die Bewahrung von möglicherweise bald verlorenem, traditionellem Wissen im Vordgergrund stehen.\r\n\r\nDie öffentlichen Änderungen werden der redaktionellen Nacharbeit bedürfen.\r\n\r\nDie vorliegende Website erlaubt bis jetzt nur eine Ansicht der bestehenden Datenbank. Diese wurde dazu im SQL-Format neu erstellt und liegt somit in einem für weitere Systeme verarbeitbaren System vor. \r\n\r\nDazu wurden auch Werkzeuge für die Übertragung der Daten aus einfachen Tabellen oder CSV-Dateien erstellt.\r\n\r\nWerkzeuge für den automatischen Austausch zwischen dieser SQL-Datenbank und \"x-tree\" gibt es noch nicht. Sie bedürfen weiterer theoretischer Vorarbeit.\r\n\r\n***\r\nplane wie weiterführende Links und Quellenangaben angezeigt werden sollten. \r\n\r\nEs sollte wie bei \"Wikipedia\" eine festgelegte Struktur geben.\r\n\r\n*** \r\nverlinkung von Timm Miersch wenn online yrewrite installiert',NULL,NULL,NULL,NULL,NULL,NULL,NULL,NULL,NULL,NULL,NULL,NULL,NULL,NULL,NULL,NULL,NULL,NULL,NULL,NULL,NULL,NULL,NULL,NULL,NULL,NULL,NULL,NULL,NULL,NULL,NULL,NULL,NULL,NULL,NULL,NULL,NULL,NULL,NULL,NULL,NULL,NULL,NULL,NULL,NULL,NULL,NULL,NULL,NULL,NULL,NULL,NULL,NULL,NULL,NULL,NULL,NULL,NULL,NULL,'2020-10-22 21:06:59','Thomas','2020-10-26 11:33:58','Thomas'),
  (37,13,1,1,12,0,1,1,'Blog test user:\r\nTomkien\r\nkuehnewebdienste@gmail.com\r\nCnbHwNsl',NULL,NULL,NULL,NULL,NULL,NULL,NULL,NULL,NULL,NULL,NULL,NULL,NULL,NULL,NULL,NULL,NULL,NULL,NULL,NULL,NULL,NULL,NULL,NULL,NULL,NULL,NULL,NULL,NULL,NULL,NULL,NULL,NULL,NULL,NULL,NULL,NULL,NULL,NULL,NULL,NULL,NULL,NULL,NULL,NULL,NULL,NULL,NULL,NULL,NULL,NULL,NULL,NULL,NULL,NULL,NULL,NULL,NULL,NULL,'2020-10-23 13:40:16','Thomas','2020-10-23 13:40:16','Thomas'),
  (38,17,1,1,2,0,1,1,'sag bloß!',NULL,NULL,NULL,NULL,NULL,NULL,NULL,NULL,NULL,NULL,NULL,NULL,NULL,NULL,NULL,NULL,NULL,NULL,NULL,NULL,NULL,NULL,NULL,NULL,NULL,NULL,NULL,NULL,NULL,NULL,NULL,NULL,NULL,NULL,NULL,NULL,NULL,NULL,NULL,NULL,NULL,NULL,NULL,NULL,NULL,NULL,NULL,NULL,NULL,NULL,NULL,NULL,NULL,NULL,NULL,NULL,NULL,NULL,NULL,'2020-10-23 16:55:26','Thomas','2020-10-23 16:55:26','Thomas'),
  (39,18,1,1,2,0,1,1,'Was ich dayu schon immer sagen wollte: Es geht los.',NULL,NULL,NULL,NULL,NULL,NULL,NULL,NULL,NULL,NULL,NULL,NULL,NULL,NULL,NULL,NULL,NULL,NULL,NULL,NULL,NULL,NULL,NULL,NULL,NULL,NULL,NULL,NULL,NULL,NULL,NULL,NULL,NULL,NULL,NULL,NULL,NULL,NULL,NULL,NULL,NULL,NULL,NULL,NULL,NULL,NULL,NULL,NULL,NULL,NULL,NULL,NULL,NULL,NULL,NULL,NULL,NULL,NULL,NULL,'2020-10-23 21:24:17','Timm','2020-10-23 21:24:17','Timm'),
  (40,19,1,1,2,0,1,1,'Erste Yeile\r\n\r\njwkjw\r\nlkl wlklw\r\n\r\nwkjwana w\r\nlkl\r\nlklk wwww',NULL,NULL,NULL,NULL,NULL,NULL,NULL,NULL,NULL,NULL,NULL,NULL,NULL,NULL,NULL,NULL,NULL,NULL,NULL,NULL,NULL,NULL,NULL,NULL,NULL,NULL,NULL,NULL,NULL,NULL,NULL,NULL,NULL,NULL,NULL,NULL,NULL,NULL,NULL,NULL,NULL,NULL,NULL,NULL,NULL,NULL,NULL,NULL,NULL,NULL,NULL,NULL,NULL,NULL,NULL,NULL,NULL,NULL,NULL,'2021-02-08 11:31:17','Thomas','2021-02-08 11:31:17','Thomas'),
  (43,20,1,1,15,0,1,1,NULL,NULL,NULL,NULL,NULL,NULL,NULL,NULL,NULL,NULL,NULL,NULL,NULL,NULL,NULL,NULL,NULL,NULL,NULL,NULL,NULL,NULL,NULL,NULL,NULL,NULL,NULL,NULL,NULL,NULL,NULL,NULL,NULL,NULL,NULL,NULL,NULL,NULL,NULL,NULL,'6',NULL,NULL,NULL,NULL,NULL,NULL,NULL,NULL,NULL,NULL,NULL,NULL,NULL,NULL,NULL,NULL,NULL,NULL,NULL,'2021-02-08 16:50:20','Thomas','2021-02-10 12:51:33','Thomas'),
  (45,21,1,1,17,0,1,1,NULL,NULL,NULL,NULL,NULL,NULL,NULL,NULL,NULL,NULL,NULL,NULL,NULL,NULL,NULL,NULL,NULL,NULL,NULL,NULL,NULL,NULL,NULL,NULL,NULL,NULL,NULL,NULL,NULL,NULL,NULL,NULL,NULL,NULL,NULL,NULL,NULL,NULL,NULL,NULL,NULL,NULL,NULL,NULL,NULL,NULL,NULL,NULL,NULL,NULL,NULL,NULL,NULL,NULL,NULL,NULL,NULL,NULL,NULL,NULL,'2021-02-22 18:32:03','Thomas','2021-02-22 18:32:44','Thomas'),
  (46,22,1,1,16,0,1,1,NULL,NULL,NULL,NULL,NULL,NULL,NULL,NULL,NULL,NULL,NULL,NULL,NULL,NULL,NULL,NULL,NULL,NULL,NULL,NULL,NULL,NULL,NULL,NULL,NULL,NULL,NULL,NULL,NULL,NULL,NULL,NULL,NULL,NULL,NULL,NULL,NULL,NULL,NULL,NULL,'6',NULL,NULL,NULL,NULL,NULL,NULL,NULL,NULL,NULL,NULL,NULL,NULL,NULL,NULL,NULL,NULL,NULL,NULL,NULL,'2021-03-07 15:29:06','Thomas','2021-03-07 15:29:06','Thomas');
/*!40000 ALTER TABLE `rex_article_slice` ENABLE KEYS */;
UNLOCK TABLES;

DROP TABLE IF EXISTS `rex_blog_reply`;
CREATE TABLE `rex_blog_reply` (
  `id` int unsigned NOT NULL AUTO_INCREMENT,
  `name` varchar(191) CHARACTER SET utf8mb4 COLLATE utf8mb4_unicode_ci NOT NULL,
  `comment` text CHARACTER SET utf8mb4 COLLATE utf8mb4_unicode_ci NOT NULL,
  `mail` varchar(191) CHARACTER SET utf8mb4 COLLATE utf8mb4_unicode_ci NOT NULL,
  `articleID` text CHARACTER SET utf8mb4 COLLATE utf8mb4_unicode_ci NOT NULL,
  `parentReplyID` int DEFAULT NULL,
  `ycomCreateUser` int NOT NULL,
  `updatedate` datetime NOT NULL,
  `createdate` datetime NOT NULL,
  `createIP` varchar(191) CHARACTER SET utf8mb4 COLLATE utf8mb4_unicode_ci NOT NULL,
  `portrait` text CHARACTER SET utf8mb4 COLLATE utf8mb4_unicode_ci NOT NULL,
  `conditions_read` tinyint(1) NOT NULL,
  PRIMARY KEY (`id`)
) ENGINE=InnoDB AUTO_INCREMENT=62 DEFAULT CHARSET=utf8mb4 COLLATE=utf8mb4_unicode_ci;

LOCK TABLES `rex_blog_reply` WRITE;
/*!40000 ALTER TABLE `rex_blog_reply` DISABLE KEYS */;
INSERT INTO `rex_blog_reply` VALUES 
  (1,'','Ich finde die Idee des Projektes toll!','','15',0,1,'2020-10-23 15:51:14','2020-10-23 00:00:00','','',0),
  (3,'Frany Eising','Da bin ich aber gespannt. Glaube _nicht_, dass das eine *große* Sache wird.','','15',0,0,'2020-10-24 20:47:19','2020-10-24 19:39:17','','',0),
  (19,'Conchita','Geht doch. Sag ich!','','15',0,0,'2020-10-25 21:48:40','2020-10-25 21:48:40','::1','',0),
  (33,'ohne login','komm rein','','15',0,0,'2020-10-28 14:37:30','2020-10-28 14:37:18','::1','',0),
  (34,'Easy Speedometer','eee','','15',0,0,'2020-10-28 14:45:20','2020-10-28 14:44:54','::1','localhost_5000__browser_debug_premium_galaxy_s5_.png',0),
  (40,'Peter','is cool man','','15',0,0,'2021-02-06 13:14:30','2021-02-06 13:08:40','10.0.2.2','',0),
  (41,'lkwlkw','qqqqqqqqqqqqqqqqqqqqqq','','15',0,0,'2021-02-06 14:46:25','2021-02-06 14:45:58','10.0.2.2','',0),
  (54,'aber','abdreas','','15',0,0,'2021-02-06 15:25:25','2021-02-06 15:25:14','10.0.2.2','',0),
  (55,'Klaus','geht ab','','15',0,0,'2021-02-06 16:34:04','2021-02-06 16:33:49','10.0.2.2','',0),
  (56,'q','q','','15',0,0,'2021-02-06 16:37:25','2021-02-06 16:36:58','10.0.2.2','',0),
  (57,'q','q','','15',0,0,'2021-02-06 16:39:37','2021-02-06 16:36:58','10.0.2.2','',0),
  (58,'kwlkwlkwlk','wkjwjhwjhwjh','','15',0,0,'2021-02-06 16:48:32','2021-02-06 16:46:39','10.0.2.2','',0),
  (59,'qq','Geben Sie einen Kommenqqqtar ein!','','15',0,0,'2021-02-06 22:00:54','0000-00-00 00:00:00','10.0.2.2','',0),
  (60,'meme','mememem','','15',0,0,'2021-02-06 22:07:16','2021-02-06 22:04:47','10.0.2.2','',0),
  (61,'q','q zur kenntnis','','15',0,0,'2021-02-06 22:22:00','2021-02-06 22:16:29','10.0.2.2','',1);
/*!40000 ALTER TABLE `rex_blog_reply` ENABLE KEYS */;
UNLOCK TABLES;

DROP TABLE IF EXISTS `rex_clang`;
CREATE TABLE `rex_clang` (
  `id` int unsigned NOT NULL AUTO_INCREMENT,
  `code` varchar(255) CHARACTER SET utf8mb4 COLLATE utf8mb4_unicode_ci NOT NULL,
  `name` varchar(255) CHARACTER SET utf8mb4 COLLATE utf8mb4_unicode_ci NOT NULL,
  `priority` int unsigned NOT NULL,
  `status` tinyint(1) NOT NULL,
  `revision` int unsigned NOT NULL,
  PRIMARY KEY (`id`)
) ENGINE=InnoDB AUTO_INCREMENT=2 DEFAULT CHARSET=utf8mb4 COLLATE=utf8mb4_unicode_ci;

LOCK TABLES `rex_clang` WRITE;
/*!40000 ALTER TABLE `rex_clang` DISABLE KEYS */;
INSERT INTO `rex_clang` VALUES 
  (1,'de','deutsch',1,1,0);
/*!40000 ALTER TABLE `rex_clang` ENABLE KEYS */;
UNLOCK TABLES;

DROP TABLE IF EXISTS `rex_config`;
CREATE TABLE `rex_config` (
  `namespace` varchar(75) CHARACTER SET utf8mb4 COLLATE utf8mb4_unicode_ci NOT NULL,
  `key` varchar(255) CHARACTER SET utf8mb4 COLLATE utf8mb4_unicode_ci NOT NULL,
  `value` text CHARACTER SET utf8mb4 COLLATE utf8mb4_unicode_ci NOT NULL,
  PRIMARY KEY (`namespace`,`key`)
) ENGINE=InnoDB DEFAULT CHARSET=utf8mb4 COLLATE=utf8mb4_unicode_ci;

LOCK TABLES `rex_config` WRITE;
/*!40000 ALTER TABLE `rex_config` DISABLE KEYS */;
INSERT INTO `rex_config` VALUES 
  ('be_style/customizer','codemirror','1'),
  ('be_style/customizer','codemirror_theme','\"eclipse\"'),
  ('be_style/customizer','codemirror-langs','0'),
  ('be_style/customizer','codemirror-selectors','\"\"'),
  ('be_style/customizer','codemirror-tools','0'),
  ('be_style/customizer','labelcolor','\"#3bb594\"'),
  ('be_style/customizer','showlink','1'),
  ('core','package-config','{\"backup\":{\"install\":true,\"status\":true},\"be_style\":{\"install\":true,\"status\":true,\"plugins\":{\"customizer\":{\"install\":true,\"status\":true},\"redaxo\":{\"install\":true,\"status\":true}}},\"cronjob\":{\"install\":true,\"status\":true,\"plugins\":{\"article_status\":{\"install\":false,\"status\":false},\"optimize_tables\":{\"install\":false,\"status\":false}}},\"debug\":{\"install\":false,\"status\":false},\"developer\":{\"install\":true,\"status\":true},\"install\":{\"install\":true,\"status\":true},\"markitup\":{\"install\":true,\"status\":true,\"plugins\":{\"documentation\":{\"install\":false,\"status\":false}}},\"media_manager\":{\"install\":true,\"status\":true},\"mediapool\":{\"install\":true,\"status\":true},\"metainfo\":{\"install\":true,\"status\":true},\"phpmailer\":{\"install\":true,\"status\":true},\"project\":{\"install\":true,\"status\":true},\"sprog\":{\"install\":false,\"status\":false},\"structure\":{\"install\":true,\"status\":true,\"plugins\":{\"content\":{\"install\":true,\"status\":true},\"history\":{\"install\":false,\"status\":false},\"version\":{\"install\":false,\"status\":false}}},\"theme\":{\"install\":true,\"status\":true},\"users\":{\"install\":true,\"status\":true},\"ycom\":{\"install\":true,\"status\":true,\"plugins\":{\"auth\":{\"install\":true,\"status\":true},\"docs\":{\"install\":true,\"status\":true},\"group\":{\"install\":true,\"status\":true},\"media_auth\":{\"install\":false,\"status\":false}}},\"yform\":{\"install\":true,\"status\":true,\"plugins\":{\"email\":{\"install\":true,\"status\":true},\"manager\":{\"install\":true,\"status\":true},\"rest\":{\"install\":false,\"status\":false},\"tools\":{\"install\":false,\"status\":false}}},\"yrewrite\":{\"install\":true,\"status\":true}}'),
  ('core','package-order','[\"be_style\",\"be_style\\/customizer\",\"be_style\\/redaxo\",\"users\",\"backup\",\"cronjob\",\"developer\",\"install\",\"markitup\",\"media_manager\",\"mediapool\",\"phpmailer\",\"structure\",\"metainfo\",\"structure\\/content\",\"theme\",\"yform\",\"yform\\/email\",\"yform\\/manager\",\"yrewrite\",\"ycom\",\"ycom\\/auth\",\"ycom\\/docs\",\"ycom\\/group\",\"project\"]'),
  ('core','utf8mb4','true'),
  ('core','version','\"5.11.0\"'),
  ('cronjob','nexttime','1616799600'),
  ('developer','actions','true'),
  ('developer','delete','true'),
  ('developer','dir_suffix','true'),
  ('developer','items','{\"templates\":{\"1\":1615109164,\"2\":1615128909,\"3\":1612538101},\"modules\":{\"1\":1612793277,\"2\":1615237217,\"3\":1612538028,\"4\":1612538028,\"5\":1615560310,\"6\":1615239308,\"7\":1615558310,\"8\":1615474689,\"9\":1612538028,\"10\":1612538028,\"12\":1612538028,\"13\":1612538101,\"14\":1612787795,\"15\":1615484084,\"16\":1615239308,\"17\":1615471997},\"theme\\/private\\/redaxo\\/templates\":{\"1\":1616253359,\"2\":1616445621,\"3\":1616253359},\"theme\\/private\\/redaxo\\/modules\":{\"1\":1616253359,\"2\":1616253359,\"4\":1616421676,\"5\":1616450567,\"6\":1616445240,\"7\":1616365749,\"8\":1616253359,\"9\":1616448496,\"10\":1616253359,\"12\":1616253359,\"13\":1616253359,\"14\":1616253359,\"15\":1616253359,\"16\":1616359574,\"17\":1616416718}}'),
  ('developer','modules','false'),
  ('developer','prefix','true'),
  ('developer','rename','true'),
  ('developer','sync_backend','true'),
  ('developer','sync_frontend','true'),
  ('developer','templates','false'),
  ('developer','umlauts','false'),
  ('media_manager','interlace','[\"jpg\"]'),
  ('media_manager','jpg_quality','80'),
  ('media_manager','png_compression','5'),
  ('media_manager','webp_quality','85'),
  ('phpmailer','archive','false'),
  ('phpmailer','bcc','\"\"'),
  ('phpmailer','charset','\"utf-8\"'),
  ('phpmailer','confirmto','\"\"'),
  ('phpmailer','detour_mode','false'),
  ('phpmailer','encoding','\"8bit\"'),
  ('phpmailer','errormail','0'),
  ('phpmailer','from','\"email@thesaurus-traditioneller-holzbau.net\"'),
  ('phpmailer','fromname','\"Mailer\"'),
  ('phpmailer','host','\"cyberwebserver-07.de \"'),
  ('phpmailer','logging','2'),
  ('phpmailer','mailer','\"smtp\"'),
  ('phpmailer','password','\"Xx98xr_5\"'),
  ('phpmailer','port','587'),
  ('phpmailer','priority','0'),
  ('phpmailer','security_mode','false'),
  ('phpmailer','smtp_debug','0'),
  ('phpmailer','smtpauth','true'),
  ('phpmailer','smtpsecure','\"tls\"'),
  ('phpmailer','test_address','\"tth@kuehne-webdienste.de\"'),
  ('phpmailer','username','\"tth@kuehne-webdienste.de\"'),
  ('phpmailer','wordwrap','120'),
  ('structure','notfound_article_id','1'),
  ('structure','start_article_id','1'),
  ('structure/content','default_template_id','1'),
  ('theme','include_be_files','false'),
  ('theme','synchronize_actions','false'),
  ('theme','synchronize_modules','true'),
  ('theme','synchronize_templates','true'),
  ('tth','article_entity_details','6'),
  ('tth','article_filter','5'),
  ('tth','article_glossar','21'),
  ('tth','article_imprint','19'),
  ('tth','current_entity','\"Ausschwertung\"'),
  ('ycom','auth_cookie_ttl','\"14\"'),
  ('ycom','login_field','\"email\"'),
  ('ycom/auth','article_id_jump_denied','0'),
  ('ycom/auth','article_id_jump_logout','0'),
  ('ycom/auth','article_id_jump_not_ok','0'),
  ('ycom/auth','article_id_jump_ok','0'),
  ('ycom/auth','article_id_jump_password','0'),
  ('ycom/auth','article_id_jump_termsofuse','0'),
  ('ycom/auth','article_id_login','0'),
  ('ycom/auth','article_id_logout','0'),
  ('ycom/auth','article_id_password','0'),
  ('ycom/auth','article_id_register','0'),
  ('ycom/auth','auth_cookie_ttl','7'),
  ('ycom/auth','auth_rule','\"login_try_10_pause\"'),
  ('ycom/auth','login_field','\"id\"'),
  ('yrewrite','unicode_urls','false'),
  ('yrewrite','yrewrite_hide_url_block','false');
/*!40000 ALTER TABLE `rex_config` ENABLE KEYS */;
UNLOCK TABLES;

DROP TABLE IF EXISTS `rex_cronjob`;
CREATE TABLE `rex_cronjob` (
  `id` int unsigned NOT NULL AUTO_INCREMENT,
  `name` varchar(255) CHARACTER SET utf8mb4 COLLATE utf8mb4_unicode_ci DEFAULT NULL,
  `description` varchar(255) CHARACTER SET utf8mb4 COLLATE utf8mb4_unicode_ci DEFAULT NULL,
  `type` varchar(255) CHARACTER SET utf8mb4 COLLATE utf8mb4_unicode_ci DEFAULT NULL,
  `parameters` text CHARACTER SET utf8mb4 COLLATE utf8mb4_unicode_ci,
  `interval` text CHARACTER SET utf8mb4 COLLATE utf8mb4_unicode_ci NOT NULL,
  `nexttime` datetime DEFAULT NULL,
  `environment` varchar(255) CHARACTER SET utf8mb4 COLLATE utf8mb4_unicode_ci NOT NULL,
  `execution_moment` tinyint(1) NOT NULL,
  `execution_start` datetime NOT NULL,
  `status` tinyint(1) NOT NULL,
  `createdate` datetime NOT NULL,
  `createuser` varchar(255) CHARACTER SET utf8mb4 COLLATE utf8mb4_unicode_ci NOT NULL,
  `updatedate` datetime NOT NULL,
  `updateuser` varchar(255) CHARACTER SET utf8mb4 COLLATE utf8mb4_unicode_ci NOT NULL,
  PRIMARY KEY (`id`)
) ENGINE=InnoDB AUTO_INCREMENT=2 DEFAULT CHARSET=utf8mb4 COLLATE=utf8mb4_unicode_ci;

LOCK TABLES `rex_cronjob` WRITE;
/*!40000 ALTER TABLE `rex_cronjob` DISABLE KEYS */;
INSERT INTO `rex_cronjob` VALUES 
  (1,'Täglich 1x wenn eingeloggt','wird beim ersten Login des Tages ausgeführt','rex_cronjob_export','{\"rex_cronjob_export_filename\":\"%REX_SERVER_%Y%m%d_%H%M_rex%REX_VERSION\",\"rex_cronjob_export_blacklist_tables\":null,\"rex_cronjob_export_sendmail\":null,\"rex_cronjob_export_mailaddress\":\"\",\"rex_cronjob_export_delete_interval\":\"YW\"}','{\"minutes\":[0],\"hours\":[0],\"days\":\"all\",\"weekdays\":\"all\",\"months\":\"all\"}','2021-03-27 00:00:00','|backend|',0,'0000-00-00 00:00:00',1,'2020-05-20 12:58:22','Thomas','2020-05-20 12:58:22','Thomas');
/*!40000 ALTER TABLE `rex_cronjob` ENABLE KEYS */;
UNLOCK TABLES;

DROP TABLE IF EXISTS `rex_markitup_profiles`;
CREATE TABLE `rex_markitup_profiles` (
  `id` int unsigned NOT NULL AUTO_INCREMENT,
  `name` varchar(30) CHARACTER SET utf8mb4 COLLATE utf8mb4_unicode_ci NOT NULL,
  `description` varchar(255) CHARACTER SET utf8mb4 COLLATE utf8mb4_unicode_ci NOT NULL,
  `urltype` varchar(50) CHARACTER SET utf8mb4 COLLATE utf8mb4_unicode_ci NOT NULL,
  `minheight` smallint unsigned NOT NULL,
  `maxheight` smallint unsigned NOT NULL,
  `type` varchar(50) CHARACTER SET utf8mb4 COLLATE utf8mb4_unicode_ci NOT NULL,
  `markitup_buttons` text CHARACTER SET utf8mb4 COLLATE utf8mb4_unicode_ci NOT NULL,
  PRIMARY KEY (`id`)
) ENGINE=InnoDB AUTO_INCREMENT=3 DEFAULT CHARSET=utf8mb4 COLLATE=utf8mb4_unicode_ci;

LOCK TABLES `rex_markitup_profiles` WRITE;
/*!40000 ALTER TABLE `rex_markitup_profiles` DISABLE KEYS */;
INSERT INTO `rex_markitup_profiles` VALUES 
  (1,'textile_full','Textile default configuration','relative',300,800,'textile','bold,code,clips[Snippetname1=Snippettext1|Snippetname2=Snippettext2],deleted,emaillink,externallink,groupheading[1|2|3|4|5|6],grouplink[file|internal|external|mailto],heading1,heading2,heading3,heading4,heading5,heading6,internallink,italic,media,medialink,orderedlist,paragraph,quote,sub,sup,table,underline,unorderedlist'),
  (2,'markdown_full','Markdown default configuration','relative',300,800,'markdown','bold,code,clips[Snippetname1=Snippettext1|Snippetname2=Snippettext2],deleted,emaillink,externallink,groupheading[1|2|3|4|5|6],grouplink[file|internal|external|mailto],heading1,heading2,heading3,heading4,heading5,heading6,internallink,italic,media,medialink,orderedlist,paragraph,quote,sub,sup,table,underline,unorderedlist');
/*!40000 ALTER TABLE `rex_markitup_profiles` ENABLE KEYS */;
UNLOCK TABLES;

DROP TABLE IF EXISTS `rex_markitup_snippets`;
CREATE TABLE `rex_markitup_snippets` (
  `id` int unsigned NOT NULL AUTO_INCREMENT,
  `name` varchar(30) CHARACTER SET utf8mb4 COLLATE utf8mb4_unicode_ci NOT NULL,
  `lang` varchar(30) CHARACTER SET utf8mb4 COLLATE utf8mb4_unicode_ci NOT NULL,
  `description` text CHARACTER SET utf8mb4 COLLATE utf8mb4_unicode_ci NOT NULL,
  `content` text CHARACTER SET utf8mb4 COLLATE utf8mb4_unicode_ci NOT NULL,
  PRIMARY KEY (`id`)
) ENGINE=InnoDB DEFAULT CHARSET=utf8mb4 COLLATE=utf8mb4_unicode_ci;
DROP TABLE IF EXISTS `rex_media`;
CREATE TABLE `rex_media` (
  `id` int unsigned NOT NULL AUTO_INCREMENT,
  `category_id` int unsigned NOT NULL,
  `attributes` text CHARACTER SET utf8mb4 COLLATE utf8mb4_unicode_ci,
  `filetype` varchar(255) CHARACTER SET utf8mb4 COLLATE utf8mb4_unicode_ci DEFAULT NULL,
  `filename` varchar(255) CHARACTER SET utf8mb4 COLLATE utf8mb4_unicode_ci DEFAULT NULL,
  `originalname` varchar(255) CHARACTER SET utf8mb4 COLLATE utf8mb4_unicode_ci DEFAULT NULL,
  `filesize` varchar(255) CHARACTER SET utf8mb4 COLLATE utf8mb4_unicode_ci DEFAULT NULL,
  `width` int unsigned DEFAULT NULL,
  `height` int unsigned DEFAULT NULL,
  `title` varchar(255) CHARACTER SET utf8mb4 COLLATE utf8mb4_unicode_ci DEFAULT NULL,
  `createdate` datetime NOT NULL,
  `createuser` varchar(255) CHARACTER SET utf8mb4 COLLATE utf8mb4_unicode_ci NOT NULL,
  `updatedate` datetime NOT NULL,
  `updateuser` varchar(255) CHARACTER SET utf8mb4 COLLATE utf8mb4_unicode_ci NOT NULL,
  `revision` int unsigned NOT NULL,
  `med_description` text CHARACTER SET utf8mb4 COLLATE utf8mb4_unicode_ci,
  PRIMARY KEY (`id`),
  UNIQUE KEY `filename` (`filename`),
  KEY `category_id` (`category_id`)
) ENGINE=InnoDB AUTO_INCREMENT=9 DEFAULT CHARSET=utf8mb4 COLLATE=utf8mb4_unicode_ci;

LOCK TABLES `rex_media` WRITE;
/*!40000 ALTER TABLE `rex_media` DISABLE KEYS */;
INSERT INTO `rex_media` VALUES 
  (1,0,NULL,'image/jpeg','values.jpg','values.jpg','379357',1920,1080,'Screenshot Werte','2020-05-23 21:08:53','Thomas','2020-05-23 21:08:53','Thomas',0,NULL),
  (3,2,NULL,'image/jpeg','blogautor_thomas.jpg','blogautor_thomas.jpg','122776',1044,1397,'Thomas Kühne','2020-10-23 10:42:08','Thomas','2020-10-23 10:42:08','Thomas',0,''),
  (4,2,NULL,'image/jpeg','blogautor_timm.jpg','blogautor_timm.jpg','323028',1445,1759,'Timm Miersch','2020-10-23 21:21:36','Thomas','2020-10-23 21:22:29','Thomas',0,''),
  (5,3,NULL,'image/png','localhost_5000__browser_debug_premium_galaxy_s5_.png','localhost_5000__browser&debug&premium(Galaxy S5).png','177029',1080,1920,'','2020-10-28 14:45:06','Timm','2020-10-28 14:45:06','Timm',0,NULL),
  (6,3,NULL,'image/jpeg','components-icon.jpg','components-icon.jpg','915',61,37,'','2020-10-28 14:48:48','Timm','2020-10-28 14:48:48','Timm',0,NULL),
  (7,3,NULL,'image/jpeg','alarm-edit.jpg','alarm-edit.jpg','27136',1080,507,'','2020-10-28 14:49:35','Timm','2020-10-28 14:49:35','Timm',0,NULL),
  (8,3,NULL,'image/jpeg','components-icon-lines.jpg','components-icon-lines.jpg','42509',538,455,'','2020-10-28 14:50:24','Timm','2020-10-28 14:50:24','Timm',0,NULL);
/*!40000 ALTER TABLE `rex_media` ENABLE KEYS */;
UNLOCK TABLES;

DROP TABLE IF EXISTS `rex_media_category`;
CREATE TABLE `rex_media_category` (
  `id` int unsigned NOT NULL AUTO_INCREMENT,
  `name` varchar(255) CHARACTER SET utf8mb4 COLLATE utf8mb4_unicode_ci NOT NULL,
  `parent_id` int unsigned NOT NULL,
  `path` varchar(255) CHARACTER SET utf8mb4 COLLATE utf8mb4_unicode_ci NOT NULL,
  `createdate` datetime NOT NULL,
  `createuser` varchar(255) CHARACTER SET utf8mb4 COLLATE utf8mb4_unicode_ci NOT NULL,
  `updatedate` datetime NOT NULL,
  `updateuser` varchar(255) CHARACTER SET utf8mb4 COLLATE utf8mb4_unicode_ci NOT NULL,
  `attributes` text CHARACTER SET utf8mb4 COLLATE utf8mb4_unicode_ci,
  `revision` int unsigned NOT NULL,
  PRIMARY KEY (`id`),
  KEY `parent_id` (`parent_id`)
) ENGINE=InnoDB AUTO_INCREMENT=4 DEFAULT CHARSET=utf8mb4 COLLATE=utf8mb4_unicode_ci;

LOCK TABLES `rex_media_category` WRITE;
/*!40000 ALTER TABLE `rex_media_category` DISABLE KEYS */;
INSERT INTO `rex_media_category` VALUES 
  (1,'tth',0,'|','2020-05-23 21:08:08','Thomas','2020-05-23 21:08:08','Thomas',NULL,0),
  (2,'Blogautoren',0,'|','2020-10-23 10:38:36','Thomas','2020-10-23 10:38:36','Thomas',NULL,0),
  (3,'uploads',0,'|','2020-10-28 14:41:37','Thomas','2020-10-28 14:41:37','Thomas',NULL,0);
/*!40000 ALTER TABLE `rex_media_category` ENABLE KEYS */;
UNLOCK TABLES;

DROP TABLE IF EXISTS `rex_media_manager_type`;
CREATE TABLE `rex_media_manager_type` (
  `id` int unsigned NOT NULL AUTO_INCREMENT,
  `status` int unsigned NOT NULL,
  `name` varchar(255) CHARACTER SET utf8mb4 COLLATE utf8mb4_unicode_ci NOT NULL,
  `description` varchar(255) CHARACTER SET utf8mb4 COLLATE utf8mb4_unicode_ci NOT NULL,
  `createdate` datetime NOT NULL,
  `createuser` varchar(255) CHARACTER SET utf8mb4 COLLATE utf8mb4_unicode_ci NOT NULL,
  `updatedate` datetime NOT NULL,
  `updateuser` varchar(255) CHARACTER SET utf8mb4 COLLATE utf8mb4_unicode_ci NOT NULL,
  PRIMARY KEY (`id`),
  UNIQUE KEY `name` (`name`)
) ENGINE=InnoDB AUTO_INCREMENT=8 DEFAULT CHARSET=utf8mb4 COLLATE=utf8mb4_unicode_ci;

LOCK TABLES `rex_media_manager_type` WRITE;
/*!40000 ALTER TABLE `rex_media_manager_type` DISABLE KEYS */;
INSERT INTO `rex_media_manager_type` VALUES 
  (1,1,'rex_mediapool_detail','Zur Darstellung von Bildern in der Detailansicht im Medienpool','2020-10-21 18:01:47','Thomas','2020-10-21 18:01:47','Thomas'),
  (2,1,'rex_mediapool_maximized','Zur Darstellung von Bildern im Medienpool wenn maximiert','2020-10-21 18:01:47','Thomas','2020-10-21 18:01:47','Thomas'),
  (3,1,'rex_mediapool_preview','Zur Darstellung der Vorschaubilder im Medienpool','2020-10-21 18:01:47','Thomas','2020-10-21 18:01:47','Thomas'),
  (4,1,'rex_mediabutton_preview','Zur Darstellung der Vorschaubilder in REX_MEDIA_BUTTON[]s','2020-10-21 18:01:47','Thomas','2020-10-21 18:01:47','Thomas'),
  (5,1,'rex_medialistbutton_preview','Zur Darstellung der Vorschaubilder in REX_MEDIALIST_BUTTON[]s','2020-10-21 18:01:47','Thomas','2020-10-21 18:01:47','Thomas'),
  (6,0,'tth_horizontal_list','preserves aspect ratio, keeps same height','2020-05-25 17:48:15','Thomas','2020-05-25 18:00:50','Thomas'),
  (7,0,'blog_author','Quadratisches profilebild (wird geschnitten)','2020-10-23 10:43:22','Thomas','2020-10-23 10:50:44','Thomas');
/*!40000 ALTER TABLE `rex_media_manager_type` ENABLE KEYS */;
UNLOCK TABLES;

DROP TABLE IF EXISTS `rex_media_manager_type_effect`;
CREATE TABLE `rex_media_manager_type_effect` (
  `id` int unsigned NOT NULL AUTO_INCREMENT,
  `type_id` int unsigned NOT NULL,
  `effect` varchar(255) CHARACTER SET utf8mb4 COLLATE utf8mb4_unicode_ci NOT NULL,
  `parameters` text CHARACTER SET utf8mb4 COLLATE utf8mb4_unicode_ci NOT NULL,
  `priority` int unsigned NOT NULL,
  `createdate` datetime NOT NULL,
  `createuser` varchar(255) CHARACTER SET utf8mb4 COLLATE utf8mb4_unicode_ci NOT NULL,
  `updatedate` datetime NOT NULL,
  `updateuser` varchar(255) CHARACTER SET utf8mb4 COLLATE utf8mb4_unicode_ci NOT NULL,
  PRIMARY KEY (`id`)
) ENGINE=InnoDB AUTO_INCREMENT=10 DEFAULT CHARSET=utf8mb4 COLLATE=utf8mb4_unicode_ci;

LOCK TABLES `rex_media_manager_type_effect` WRITE;
/*!40000 ALTER TABLE `rex_media_manager_type_effect` DISABLE KEYS */;
INSERT INTO `rex_media_manager_type_effect` VALUES 
  (1,1,'resize','{\"rex_effect_crop\":{\"rex_effect_crop_width\":\"\",\"rex_effect_crop_height\":\"\",\"rex_effect_crop_offset_width\":\"\",\"rex_effect_crop_offset_height\":\"\",\"rex_effect_crop_hpos\":\"center\",\"rex_effect_crop_vpos\":\"middle\"},\"rex_effect_filter_blur\":{\"rex_effect_filter_blur_amount\":\"80\",\"rex_effect_filter_blur_radius\":\"8\",\"rex_effect_filter_blur_threshold\":\"3\"},\"rex_effect_filter_sharpen\":{\"rex_effect_filter_sharpen_amount\":\"80\",\"rex_effect_filter_sharpen_radius\":\"0.5\",\"rex_effect_filter_sharpen_threshold\":\"3\"},\"rex_effect_flip\":{\"rex_effect_flip_flip\":\"X\"},\"rex_effect_header\":{\"rex_effect_header_download\":\"open_media\",\"rex_effect_header_cache\":\"no_cache\"},\"rex_effect_insert_image\":{\"rex_effect_insert_image_brandimage\":\"\",\"rex_effect_insert_image_hpos\":\"left\",\"rex_effect_insert_image_vpos\":\"top\",\"rex_effect_insert_image_padding_x\":\"-10\",\"rex_effect_insert_image_padding_y\":\"-10\"},\"rex_effect_mediapath\":{\"rex_effect_mediapath_mediapath\":\"\"},\"rex_effect_mirror\":{\"rex_effect_mirror_height\":\"\",\"rex_effect_mirror_set_transparent\":\"colored\",\"rex_effect_mirror_bg_r\":\"\",\"rex_effect_mirror_bg_g\":\"\",\"rex_effect_mirror_bg_b\":\"\"},\"rex_effect_resize\":{\"rex_effect_resize_width\":\"200\",\"rex_effect_resize_height\":\"200\",\"rex_effect_resize_style\":\"maximum\",\"rex_effect_resize_allow_enlarge\":\"not_enlarge\"},\"rex_effect_workspace\":{\"rex_effect_workspace_width\":\"\",\"rex_effect_workspace_height\":\"\",\"rex_effect_workspace_hpos\":\"left\",\"rex_effect_workspace_vpos\":\"top\",\"rex_effect_workspace_set_transparent\":\"colored\",\"rex_effect_workspace_bg_r\":\"\",\"rex_effect_workspace_bg_g\":\"\",\"rex_effect_workspace_bg_b\":\"\"}}',1,'2020-10-21 18:01:47','Thomas','2020-10-21 18:01:47','Thomas'),
  (2,2,'resize','{\"rex_effect_crop\":{\"rex_effect_crop_width\":\"\",\"rex_effect_crop_height\":\"\",\"rex_effect_crop_offset_width\":\"\",\"rex_effect_crop_offset_height\":\"\",\"rex_effect_crop_hpos\":\"center\",\"rex_effect_crop_vpos\":\"middle\"},\"rex_effect_filter_blur\":{\"rex_effect_filter_blur_amount\":\"80\",\"rex_effect_filter_blur_radius\":\"8\",\"rex_effect_filter_blur_threshold\":\"3\"},\"rex_effect_filter_sharpen\":{\"rex_effect_filter_sharpen_amount\":\"80\",\"rex_effect_filter_sharpen_radius\":\"0.5\",\"rex_effect_filter_sharpen_threshold\":\"3\"},\"rex_effect_flip\":{\"rex_effect_flip_flip\":\"X\"},\"rex_effect_header\":{\"rex_effect_header_download\":\"open_media\",\"rex_effect_header_cache\":\"no_cache\"},\"rex_effect_insert_image\":{\"rex_effect_insert_image_brandimage\":\"\",\"rex_effect_insert_image_hpos\":\"left\",\"rex_effect_insert_image_vpos\":\"top\",\"rex_effect_insert_image_padding_x\":\"-10\",\"rex_effect_insert_image_padding_y\":\"-10\"},\"rex_effect_mediapath\":{\"rex_effect_mediapath_mediapath\":\"\"},\"rex_effect_mirror\":{\"rex_effect_mirror_height\":\"\",\"rex_effect_mirror_set_transparent\":\"colored\",\"rex_effect_mirror_bg_r\":\"\",\"rex_effect_mirror_bg_g\":\"\",\"rex_effect_mirror_bg_b\":\"\"},\"rex_effect_resize\":{\"rex_effect_resize_width\":\"600\",\"rex_effect_resize_height\":\"600\",\"rex_effect_resize_style\":\"maximum\",\"rex_effect_resize_allow_enlarge\":\"not_enlarge\"},\"rex_effect_workspace\":{\"rex_effect_workspace_width\":\"\",\"rex_effect_workspace_height\":\"\",\"rex_effect_workspace_hpos\":\"left\",\"rex_effect_workspace_vpos\":\"top\",\"rex_effect_workspace_set_transparent\":\"colored\",\"rex_effect_workspace_bg_r\":\"\",\"rex_effect_workspace_bg_g\":\"\",\"rex_effect_workspace_bg_b\":\"\"}}',1,'2020-10-21 18:01:47','Thomas','2020-10-21 18:01:47','Thomas'),
  (3,3,'resize','{\"rex_effect_crop\":{\"rex_effect_crop_width\":\"\",\"rex_effect_crop_height\":\"\",\"rex_effect_crop_offset_width\":\"\",\"rex_effect_crop_offset_height\":\"\",\"rex_effect_crop_hpos\":\"center\",\"rex_effect_crop_vpos\":\"middle\"},\"rex_effect_filter_blur\":{\"rex_effect_filter_blur_amount\":\"80\",\"rex_effect_filter_blur_radius\":\"8\",\"rex_effect_filter_blur_threshold\":\"3\"},\"rex_effect_filter_sharpen\":{\"rex_effect_filter_sharpen_amount\":\"80\",\"rex_effect_filter_sharpen_radius\":\"0.5\",\"rex_effect_filter_sharpen_threshold\":\"3\"},\"rex_effect_flip\":{\"rex_effect_flip_flip\":\"X\"},\"rex_effect_header\":{\"rex_effect_header_download\":\"open_media\",\"rex_effect_header_cache\":\"no_cache\"},\"rex_effect_insert_image\":{\"rex_effect_insert_image_brandimage\":\"\",\"rex_effect_insert_image_hpos\":\"left\",\"rex_effect_insert_image_vpos\":\"top\",\"rex_effect_insert_image_padding_x\":\"-10\",\"rex_effect_insert_image_padding_y\":\"-10\"},\"rex_effect_mediapath\":{\"rex_effect_mediapath_mediapath\":\"\"},\"rex_effect_mirror\":{\"rex_effect_mirror_height\":\"\",\"rex_effect_mirror_set_transparent\":\"colored\",\"rex_effect_mirror_bg_r\":\"\",\"rex_effect_mirror_bg_g\":\"\",\"rex_effect_mirror_bg_b\":\"\"},\"rex_effect_resize\":{\"rex_effect_resize_width\":\"80\",\"rex_effect_resize_height\":\"80\",\"rex_effect_resize_style\":\"maximum\",\"rex_effect_resize_allow_enlarge\":\"not_enlarge\"},\"rex_effect_workspace\":{\"rex_effect_workspace_width\":\"\",\"rex_effect_workspace_height\":\"\",\"rex_effect_workspace_hpos\":\"left\",\"rex_effect_workspace_vpos\":\"top\",\"rex_effect_workspace_set_transparent\":\"colored\",\"rex_effect_workspace_bg_r\":\"\",\"rex_effect_workspace_bg_g\":\"\",\"rex_effect_workspace_bg_b\":\"\"}}',1,'2020-10-21 18:01:47','Thomas','2020-10-21 18:01:47','Thomas'),
  (4,4,'resize','{\"rex_effect_crop\":{\"rex_effect_crop_width\":\"\",\"rex_effect_crop_height\":\"\",\"rex_effect_crop_offset_width\":\"\",\"rex_effect_crop_offset_height\":\"\",\"rex_effect_crop_hpos\":\"center\",\"rex_effect_crop_vpos\":\"middle\"},\"rex_effect_filter_blur\":{\"rex_effect_filter_blur_amount\":\"80\",\"rex_effect_filter_blur_radius\":\"8\",\"rex_effect_filter_blur_threshold\":\"3\"},\"rex_effect_filter_sharpen\":{\"rex_effect_filter_sharpen_amount\":\"80\",\"rex_effect_filter_sharpen_radius\":\"0.5\",\"rex_effect_filter_sharpen_threshold\":\"3\"},\"rex_effect_flip\":{\"rex_effect_flip_flip\":\"X\"},\"rex_effect_header\":{\"rex_effect_header_download\":\"open_media\",\"rex_effect_header_cache\":\"no_cache\"},\"rex_effect_insert_image\":{\"rex_effect_insert_image_brandimage\":\"\",\"rex_effect_insert_image_hpos\":\"left\",\"rex_effect_insert_image_vpos\":\"top\",\"rex_effect_insert_image_padding_x\":\"-10\",\"rex_effect_insert_image_padding_y\":\"-10\"},\"rex_effect_mediapath\":{\"rex_effect_mediapath_mediapath\":\"\"},\"rex_effect_mirror\":{\"rex_effect_mirror_height\":\"\",\"rex_effect_mirror_set_transparent\":\"colored\",\"rex_effect_mirror_bg_r\":\"\",\"rex_effect_mirror_bg_g\":\"\",\"rex_effect_mirror_bg_b\":\"\"},\"rex_effect_resize\":{\"rex_effect_resize_width\":\"246\",\"rex_effect_resize_height\":\"246\",\"rex_effect_resize_style\":\"maximum\",\"rex_effect_resize_allow_enlarge\":\"not_enlarge\"},\"rex_effect_workspace\":{\"rex_effect_workspace_width\":\"\",\"rex_effect_workspace_height\":\"\",\"rex_effect_workspace_hpos\":\"left\",\"rex_effect_workspace_vpos\":\"top\",\"rex_effect_workspace_set_transparent\":\"colored\",\"rex_effect_workspace_bg_r\":\"\",\"rex_effect_workspace_bg_g\":\"\",\"rex_effect_workspace_bg_b\":\"\"}}',1,'2020-10-21 18:01:47','Thomas','2020-10-21 18:01:47','Thomas'),
  (5,5,'resize','{\"rex_effect_crop\":{\"rex_effect_crop_width\":\"\",\"rex_effect_crop_height\":\"\",\"rex_effect_crop_offset_width\":\"\",\"rex_effect_crop_offset_height\":\"\",\"rex_effect_crop_hpos\":\"center\",\"rex_effect_crop_vpos\":\"middle\"},\"rex_effect_filter_blur\":{\"rex_effect_filter_blur_amount\":\"80\",\"rex_effect_filter_blur_radius\":\"8\",\"rex_effect_filter_blur_threshold\":\"3\"},\"rex_effect_filter_sharpen\":{\"rex_effect_filter_sharpen_amount\":\"80\",\"rex_effect_filter_sharpen_radius\":\"0.5\",\"rex_effect_filter_sharpen_threshold\":\"3\"},\"rex_effect_flip\":{\"rex_effect_flip_flip\":\"X\"},\"rex_effect_header\":{\"rex_effect_header_download\":\"open_media\",\"rex_effect_header_cache\":\"no_cache\"},\"rex_effect_insert_image\":{\"rex_effect_insert_image_brandimage\":\"\",\"rex_effect_insert_image_hpos\":\"left\",\"rex_effect_insert_image_vpos\":\"top\",\"rex_effect_insert_image_padding_x\":\"-10\",\"rex_effect_insert_image_padding_y\":\"-10\"},\"rex_effect_mediapath\":{\"rex_effect_mediapath_mediapath\":\"\"},\"rex_effect_mirror\":{\"rex_effect_mirror_height\":\"\",\"rex_effect_mirror_set_transparent\":\"colored\",\"rex_effect_mirror_bg_r\":\"\",\"rex_effect_mirror_bg_g\":\"\",\"rex_effect_mirror_bg_b\":\"\"},\"rex_effect_resize\":{\"rex_effect_resize_width\":\"246\",\"rex_effect_resize_height\":\"246\",\"rex_effect_resize_style\":\"maximum\",\"rex_effect_resize_allow_enlarge\":\"not_enlarge\"},\"rex_effect_workspace\":{\"rex_effect_workspace_width\":\"\",\"rex_effect_workspace_height\":\"\",\"rex_effect_workspace_hpos\":\"left\",\"rex_effect_workspace_vpos\":\"top\",\"rex_effect_workspace_set_transparent\":\"colored\",\"rex_effect_workspace_bg_r\":\"\",\"rex_effect_workspace_bg_g\":\"\",\"rex_effect_workspace_bg_b\":\"\"}}',1,'2020-10-21 18:01:47','Thomas','2020-10-21 18:01:47','Thomas'),
  (6,6,'resize','{\"rex_effect_rounded_corners\":{\"rex_effect_rounded_corners_topleft\":\"\",\"rex_effect_rounded_corners_topright\":\"\",\"rex_effect_rounded_corners_bottomleft\":\"\",\"rex_effect_rounded_corners_bottomright\":\"\"},\"rex_effect_workspace\":{\"rex_effect_workspace_width\":\"\",\"rex_effect_workspace_height\":\"\",\"rex_effect_workspace_hpos\":\"left\",\"rex_effect_workspace_vpos\":\"top\",\"rex_effect_workspace_set_transparent\":\"colored\",\"rex_effect_workspace_bg_r\":\"\",\"rex_effect_workspace_bg_g\":\"\",\"rex_effect_workspace_bg_b\":\"\"},\"rex_effect_crop\":{\"rex_effect_crop_width\":\"\",\"rex_effect_crop_height\":\"\",\"rex_effect_crop_offset_width\":\"\",\"rex_effect_crop_offset_height\":\"\",\"rex_effect_crop_hpos\":\"center\",\"rex_effect_crop_vpos\":\"middle\"},\"rex_effect_insert_image\":{\"rex_effect_insert_image_brandimage\":\"\",\"rex_effect_insert_image_hpos\":\"left\",\"rex_effect_insert_image_vpos\":\"top\",\"rex_effect_insert_image_padding_x\":\"-10\",\"rex_effect_insert_image_padding_y\":\"-10\"},\"rex_effect_rotate\":{\"rex_effect_rotate_rotate\":\"0\"},\"rex_effect_filter_colorize\":{\"rex_effect_filter_colorize_filter_r\":\"\",\"rex_effect_filter_colorize_filter_g\":\"\",\"rex_effect_filter_colorize_filter_b\":\"\"},\"rex_effect_image_properties\":{\"rex_effect_image_properties_jpg_quality\":\"\",\"rex_effect_image_properties_png_compression\":\"\",\"rex_effect_image_properties_webp_quality\":\"\",\"rex_effect_image_properties_interlace\":null},\"rex_effect_filter_brightness\":{\"rex_effect_filter_brightness_brightness\":\"\"},\"rex_effect_flip\":{\"rex_effect_flip_flip\":\"X\"},\"rex_effect_filter_contrast\":{\"rex_effect_filter_contrast_contrast\":\"\"},\"rex_effect_filter_sharpen\":{\"rex_effect_filter_sharpen_amount\":\"80\",\"rex_effect_filter_sharpen_radius\":\"0.5\",\"rex_effect_filter_sharpen_threshold\":\"3\"},\"rex_effect_resize\":{\"rex_effect_resize_width\":\"\",\"rex_effect_resize_height\":\"100\",\"rex_effect_resize_style\":\"maximum\",\"rex_effect_resize_allow_enlarge\":\"enlarge\"},\"rex_effect_filter_blur\":{\"rex_effect_filter_blur_repeats\":\"10\",\"rex_effect_filter_blur_type\":\"gaussian\",\"rex_effect_filter_blur_smoothit\":\"\"},\"rex_effect_mirror\":{\"rex_effect_mirror_height\":\"\",\"rex_effect_mirror_set_transparent\":\"colored\",\"rex_effect_mirror_bg_r\":\"\",\"rex_effect_mirror_bg_g\":\"\",\"rex_effect_mirror_bg_b\":\"\"},\"rex_effect_header\":{\"rex_effect_header_download\":\"open_media\",\"rex_effect_header_cache\":\"no_cache\",\"rex_effect_header_filename\":\"filename\"},\"rex_effect_convert2img\":{\"rex_effect_convert2img_convert_to\":\"jpg\",\"rex_effect_convert2img_density\":\"150\",\"rex_effect_convert2img_color\":\"\"},\"rex_effect_mediapath\":{\"rex_effect_mediapath_mediapath\":\"\"}}',1,'2020-05-25 17:48:40','Thomas','2020-05-25 18:00:50','Thomas'),
  (7,7,'resize','{\"rex_effect_rounded_corners\":{\"rex_effect_rounded_corners_topleft\":\"\",\"rex_effect_rounded_corners_topright\":\"\",\"rex_effect_rounded_corners_bottomleft\":\"\",\"rex_effect_rounded_corners_bottomright\":\"\"},\"rex_effect_workspace\":{\"rex_effect_workspace_width\":\"\",\"rex_effect_workspace_height\":\"\",\"rex_effect_workspace_hpos\":\"left\",\"rex_effect_workspace_vpos\":\"top\",\"rex_effect_workspace_set_transparent\":\"colored\",\"rex_effect_workspace_bg_r\":\"\",\"rex_effect_workspace_bg_g\":\"\",\"rex_effect_workspace_bg_b\":\"\"},\"rex_effect_crop\":{\"rex_effect_crop_width\":\"\",\"rex_effect_crop_height\":\"\",\"rex_effect_crop_offset_width\":\"\",\"rex_effect_crop_offset_height\":\"\",\"rex_effect_crop_hpos\":\"center\",\"rex_effect_crop_vpos\":\"middle\"},\"rex_effect_insert_image\":{\"rex_effect_insert_image_brandimage\":\"\",\"rex_effect_insert_image_hpos\":\"left\",\"rex_effect_insert_image_vpos\":\"top\",\"rex_effect_insert_image_padding_x\":\"-10\",\"rex_effect_insert_image_padding_y\":\"-10\"},\"rex_effect_rotate\":{\"rex_effect_rotate_rotate\":\"0\"},\"rex_effect_filter_colorize\":{\"rex_effect_filter_colorize_filter_r\":\"\",\"rex_effect_filter_colorize_filter_g\":\"\",\"rex_effect_filter_colorize_filter_b\":\"\"},\"rex_effect_image_properties\":{\"rex_effect_image_properties_jpg_quality\":\"\",\"rex_effect_image_properties_png_compression\":\"\",\"rex_effect_image_properties_webp_quality\":\"\",\"rex_effect_image_properties_interlace\":null},\"rex_effect_filter_brightness\":{\"rex_effect_filter_brightness_brightness\":\"\"},\"rex_effect_flip\":{\"rex_effect_flip_flip\":\"X\"},\"rex_effect_filter_contrast\":{\"rex_effect_filter_contrast_contrast\":\"\"},\"rex_effect_filter_sharpen\":{\"rex_effect_filter_sharpen_amount\":\"80\",\"rex_effect_filter_sharpen_radius\":\"0.5\",\"rex_effect_filter_sharpen_threshold\":\"3\"},\"rex_effect_resize\":{\"rex_effect_resize_width\":\"100\",\"rex_effect_resize_height\":\"100\",\"rex_effect_resize_style\":\"minimum\",\"rex_effect_resize_allow_enlarge\":\"enlarge\"},\"rex_effect_filter_blur\":{\"rex_effect_filter_blur_repeats\":\"10\",\"rex_effect_filter_blur_type\":\"gaussian\",\"rex_effect_filter_blur_smoothit\":\"\"},\"rex_effect_mirror\":{\"rex_effect_mirror_height\":\"\",\"rex_effect_mirror_opacity\":\"100\",\"rex_effect_mirror_set_transparent\":\"colored\",\"rex_effect_mirror_bg_r\":\"\",\"rex_effect_mirror_bg_g\":\"\",\"rex_effect_mirror_bg_b\":\"\"},\"rex_effect_header\":{\"rex_effect_header_download\":\"open_media\",\"rex_effect_header_cache\":\"no_cache\",\"rex_effect_header_filename\":\"filename\"},\"rex_effect_convert2img\":{\"rex_effect_convert2img_convert_to\":\"jpg\",\"rex_effect_convert2img_density\":\"150\",\"rex_effect_convert2img_color\":\"\"},\"rex_effect_mediapath\":{\"rex_effect_mediapath_mediapath\":\"\"}}',1,'2020-10-23 10:44:51','Thomas','2020-10-23 10:44:51','Thomas'),
  (8,7,'crop','{\"rex_effect_rounded_corners\":{\"rex_effect_rounded_corners_topleft\":\"\",\"rex_effect_rounded_corners_topright\":\"\",\"rex_effect_rounded_corners_bottomleft\":\"\",\"rex_effect_rounded_corners_bottomright\":\"\"},\"rex_effect_workspace\":{\"rex_effect_workspace_width\":\"\",\"rex_effect_workspace_height\":\"\",\"rex_effect_workspace_hpos\":\"left\",\"rex_effect_workspace_vpos\":\"top\",\"rex_effect_workspace_set_transparent\":\"colored\",\"rex_effect_workspace_bg_r\":\"\",\"rex_effect_workspace_bg_g\":\"\",\"rex_effect_workspace_bg_b\":\"\"},\"rex_effect_crop\":{\"rex_effect_crop_width\":\"100\",\"rex_effect_crop_height\":\"100\",\"rex_effect_crop_offset_width\":\"\",\"rex_effect_crop_offset_height\":\"\",\"rex_effect_crop_hpos\":\"center\",\"rex_effect_crop_vpos\":\"middle\"},\"rex_effect_insert_image\":{\"rex_effect_insert_image_brandimage\":\"\",\"rex_effect_insert_image_hpos\":\"left\",\"rex_effect_insert_image_vpos\":\"top\",\"rex_effect_insert_image_padding_x\":\"-10\",\"rex_effect_insert_image_padding_y\":\"-10\"},\"rex_effect_rotate\":{\"rex_effect_rotate_rotate\":\"0\"},\"rex_effect_filter_colorize\":{\"rex_effect_filter_colorize_filter_r\":\"\",\"rex_effect_filter_colorize_filter_g\":\"\",\"rex_effect_filter_colorize_filter_b\":\"\"},\"rex_effect_image_properties\":{\"rex_effect_image_properties_jpg_quality\":\"\",\"rex_effect_image_properties_png_compression\":\"\",\"rex_effect_image_properties_webp_quality\":\"\",\"rex_effect_image_properties_interlace\":null},\"rex_effect_filter_brightness\":{\"rex_effect_filter_brightness_brightness\":\"\"},\"rex_effect_flip\":{\"rex_effect_flip_flip\":\"X\"},\"rex_effect_filter_contrast\":{\"rex_effect_filter_contrast_contrast\":\"\"},\"rex_effect_filter_sharpen\":{\"rex_effect_filter_sharpen_amount\":\"80\",\"rex_effect_filter_sharpen_radius\":\"0.5\",\"rex_effect_filter_sharpen_threshold\":\"3\"},\"rex_effect_resize\":{\"rex_effect_resize_width\":\"\",\"rex_effect_resize_height\":\"\",\"rex_effect_resize_style\":\"maximum\",\"rex_effect_resize_allow_enlarge\":\"enlarge\"},\"rex_effect_filter_blur\":{\"rex_effect_filter_blur_repeats\":\"10\",\"rex_effect_filter_blur_type\":\"gaussian\",\"rex_effect_filter_blur_smoothit\":\"\"},\"rex_effect_mirror\":{\"rex_effect_mirror_height\":\"\",\"rex_effect_mirror_opacity\":\"100\",\"rex_effect_mirror_set_transparent\":\"colored\",\"rex_effect_mirror_bg_r\":\"\",\"rex_effect_mirror_bg_g\":\"\",\"rex_effect_mirror_bg_b\":\"\"},\"rex_effect_header\":{\"rex_effect_header_download\":\"open_media\",\"rex_effect_header_cache\":\"no_cache\",\"rex_effect_header_filename\":\"filename\"},\"rex_effect_convert2img\":{\"rex_effect_convert2img_convert_to\":\"jpg\",\"rex_effect_convert2img_density\":\"150\",\"rex_effect_convert2img_color\":\"\"},\"rex_effect_mediapath\":{\"rex_effect_mediapath_mediapath\":\"\"}}',2,'2020-10-23 10:45:05','Thomas','2020-10-23 10:45:05','Thomas');
/*!40000 ALTER TABLE `rex_media_manager_type_effect` ENABLE KEYS */;
UNLOCK TABLES;

DROP TABLE IF EXISTS `rex_metainfo_field`;
CREATE TABLE `rex_metainfo_field` (
  `id` int unsigned NOT NULL AUTO_INCREMENT,
  `title` varchar(255) CHARACTER SET utf8mb4 COLLATE utf8mb4_unicode_ci DEFAULT NULL,
  `name` varchar(255) CHARACTER SET utf8mb4 COLLATE utf8mb4_unicode_ci DEFAULT NULL,
  `priority` int unsigned NOT NULL,
  `attributes` text CHARACTER SET utf8mb4 COLLATE utf8mb4_unicode_ci NOT NULL,
  `type_id` int unsigned DEFAULT NULL,
  `default` varchar(255) CHARACTER SET utf8mb4 COLLATE utf8mb4_unicode_ci NOT NULL,
  `params` text CHARACTER SET utf8mb4 COLLATE utf8mb4_unicode_ci,
  `validate` text CHARACTER SET utf8mb4 COLLATE utf8mb4_unicode_ci,
  `callback` text CHARACTER SET utf8mb4 COLLATE utf8mb4_unicode_ci,
  `restrictions` text CHARACTER SET utf8mb4 COLLATE utf8mb4_unicode_ci,
  `templates` text CHARACTER SET utf8mb4 COLLATE utf8mb4_unicode_ci,
  `createdate` datetime NOT NULL,
  `createuser` varchar(255) CHARACTER SET utf8mb4 COLLATE utf8mb4_unicode_ci NOT NULL,
  `updatedate` datetime NOT NULL,
  `updateuser` varchar(255) CHARACTER SET utf8mb4 COLLATE utf8mb4_unicode_ci NOT NULL,
  PRIMARY KEY (`id`),
  UNIQUE KEY `name` (`name`)
) ENGINE=InnoDB AUTO_INCREMENT=3 DEFAULT CHARSET=utf8mb4 COLLATE=utf8mb4_unicode_ci;

LOCK TABLES `rex_metainfo_field` WRITE;
/*!40000 ALTER TABLE `rex_metainfo_field` DISABLE KEYS */;
INSERT INTO `rex_metainfo_field` VALUES 
  (1,'Beschreibung','med_description',1,'',2,'','height=5',NULL,'',NULL,NULL,'2020-06-16 17:23:25','Thomas','2020-06-16 17:24:17','Thomas'),
  (2,'Sichtbarkeit für','cat_backenduser',1,'',3,'1','1:Alle|2:Redakteur|3:Admin',NULL,'',NULL,NULL,'2020-06-16 17:27:47','Thomas','2020-06-16 17:27:47','Thomas');
/*!40000 ALTER TABLE `rex_metainfo_field` ENABLE KEYS */;
UNLOCK TABLES;

DROP TABLE IF EXISTS `rex_metainfo_type`;
CREATE TABLE `rex_metainfo_type` (
  `id` int unsigned NOT NULL AUTO_INCREMENT,
  `label` varchar(255) CHARACTER SET utf8mb4 COLLATE utf8mb4_unicode_ci DEFAULT NULL,
  `dbtype` varchar(255) CHARACTER SET utf8mb4 COLLATE utf8mb4_unicode_ci NOT NULL,
  `dblength` int NOT NULL,
  PRIMARY KEY (`id`)
) ENGINE=InnoDB AUTO_INCREMENT=14 DEFAULT CHARSET=utf8mb4 COLLATE=utf8mb4_unicode_ci;

LOCK TABLES `rex_metainfo_type` WRITE;
/*!40000 ALTER TABLE `rex_metainfo_type` DISABLE KEYS */;
INSERT INTO `rex_metainfo_type` VALUES 
  (1,'text','text',0),
  (2,'textarea','text',0),
  (3,'select','varchar',255),
  (4,'radio','varchar',255),
  (5,'checkbox','varchar',255),
  (6,'REX_MEDIA_WIDGET','varchar',255),
  (7,'REX_MEDIALIST_WIDGET','text',0),
  (8,'REX_LINK_WIDGET','varchar',255),
  (9,'REX_LINKLIST_WIDGET','text',0),
  (10,'date','text',0),
  (11,'datetime','text',0),
  (12,'legend','text',0),
  (13,'time','text',0);
/*!40000 ALTER TABLE `rex_metainfo_type` ENABLE KEYS */;
UNLOCK TABLES;

DROP TABLE IF EXISTS `rex_module`;
CREATE TABLE `rex_module` (
  `id` int unsigned NOT NULL AUTO_INCREMENT,
  `key` varchar(191) CHARACTER SET utf8mb4 COLLATE utf8mb4_unicode_ci DEFAULT NULL,
  `name` varchar(255) CHARACTER SET utf8mb4 COLLATE utf8mb4_unicode_ci NOT NULL,
  `output` mediumtext CHARACTER SET utf8mb4 COLLATE utf8mb4_unicode_ci NOT NULL,
  `input` mediumtext CHARACTER SET utf8mb4 COLLATE utf8mb4_unicode_ci NOT NULL,
  `createdate` datetime NOT NULL,
  `createuser` varchar(255) CHARACTER SET utf8mb4 COLLATE utf8mb4_unicode_ci NOT NULL,
  `updatedate` datetime NOT NULL,
  `updateuser` varchar(255) CHARACTER SET utf8mb4 COLLATE utf8mb4_unicode_ci NOT NULL,
  `attributes` text CHARACTER SET utf8mb4 COLLATE utf8mb4_unicode_ci,
  `revision` int unsigned NOT NULL,
  PRIMARY KEY (`id`),
  UNIQUE KEY `key` (`key`)
) ENGINE=InnoDB AUTO_INCREMENT=18 DEFAULT CHARSET=utf8mb4 COLLATE=utf8mb4_unicode_ci;

LOCK TABLES `rex_module` WRITE;
/*!40000 ALTER TABLE `rex_module` DISABLE KEYS */;
INSERT INTO `rex_module` VALUES 
  (1,NULL,'YForm Formbuilder','<?php\r\n\r\n/**\r\n * yform.\r\n *\r\n * @author jan.kristinus[at]redaxo[dot]org Jan Kristinus\r\n * @author <a href=\"http://www.yakamara.de\">www.yakamara.de</a>\r\n */\r\n\r\n// module:yform_basic_output\r\n// v1.1\r\n//--------------------------------------------------------------------------------\r\n\r\n$yform = new rex_yform();\r\nif (\'REX_VALUE[7]\' == 1) {\r\n    $yform->setDebug(true);\r\n}\r\n$form_data = \'REX_VALUE[id=3 output=html]\';\r\n$form_data = trim(rex_yform::unhtmlentities($form_data));\r\n$yform->setObjectparams(\'form_action\', rex_getUrl(REX_ARTICLE_ID, REX_CLANG_ID));\r\n$yform->setFormData($form_data);\r\n\r\n// action - showtext\r\nif (\'REX_VALUE[id=6]\' != \'\') {\r\n    $html = \'0\'; // plaintext\r\n    if (\'REX_VALUE[11]\' == 1) {\r\n        $html = \'1\'; // html\r\n    }\r\n\r\n    $e3 = \'\';\r\n    $e4 = \'\';\r\n    if ($html == \'0\') {\r\n        $e3 = \'<div class=\"alert alert-success\">\';\r\n        $e4 = \'</div>\';\r\n    }\r\n\r\n    $t = str_replace(\'<br />\', \'\', rex_yform::unhtmlentities(\'REX_VALUE[6]\'));\r\n    $yform->setActionField(\'showtext\', [$t, $e3, $e4, $html]);\r\n}\r\n\r\n$form_type = \'REX_VALUE[1]\';\r\n\r\n// action - email\r\nif ($form_type == \'1\' || $form_type == \'2\') {\r\n    $mail_from = (\'REX_VALUE[2]\' != \'\') ? \'REX_VALUE[2]\' : rex::getErrorEmail();\r\n    $mail_to = (\'REX_VALUE[12]\' != \'\') ? \'REX_VALUE[12]\' : rex::getErrorEmail();\r\n    $mail_subject = \'REX_VALUE[4]\';\r\n    $mail_body = str_replace(\'<br />\', \'\', rex_yform::unhtmlentities(\'REX_VALUE[5]\'));\r\n    $yform->setActionField(\'email\', [$mail_from, $mail_to, $mail_subject, $mail_body]);\r\n}\r\n\r\n// action - db\r\nif ($form_type == \'0\' || $form_type == \'2\') {\r\n    $yform->setObjectparams(\'main_table\', \'REX_VALUE[8]\');\r\n\r\n    if (\'REX_VALUE[10]\' != \'\') {\r\n        $yform->setObjectparams(\'getdata\', true);\r\n    }\r\n\r\n    $yform->setActionField(\'db\', [\'REX_VALUE[8]\', $yform->objparams[\'main_where\']]);\r\n}\r\n\r\necho $yform->getForm();\r\n','<?php\r\n\r\n/**\r\n * yform\r\n * @author jan.kristinus[at]redaxo[dot]org Jan Kristinus\r\n * @author <a href=\"http://www.yakamara.de\">www.yakamara.de</a>\r\n */\r\n\r\n// module:yform_basic_input\r\n// v1.1\r\n// --------------------------------------------------------------------------------\r\n\r\n// DEBUG SELECT\r\n////////////////////////////////////////////////////////////////////////////////\r\n$dbg_sel = new rex_select();\r\n$dbg_sel->setName(\'REX_INPUT_VALUE[7]\');\r\n$dbg_sel->setAttribute(\'class\', \'form-control\');\r\n$dbg_sel->addOption(\'inaktiv\',\'0\');\r\n$dbg_sel->addOption(\'aktiv\',\'1\');\r\n$dbg_sel->setSelected(\'REX_VALUE[7]\');\r\n$dbg_sel = $dbg_sel->get();\r\n\r\n\r\n// TABLE SELECT\r\n////////////////////////////////////////////////////////////////////////////////\r\n$gc = rex_sql::factory();\r\n$gc->setQuery(\'SHOW TABLES\');\r\n$tables = $gc->getArray();\r\n$tbl_sel = new rex_select();\r\n$tbl_sel->setName(\'REX_INPUT_VALUE[8]\');\r\n$tbl_sel->setAttribute(\'class\', \'form-control\');\r\n$tbl_sel->addOption(\'Keine Tabelle ausgewählt\', \'\');\r\nforeach ($tables as $key => $value) {\r\n  $tbl_sel->addOption(current($value), current($value));\r\n}\r\n$tbl_sel->setSelected(\'REX_VALUE[8]\');\r\n$tbl_sel = $tbl_sel->get();\r\n\r\n\r\n// PLACEHOLDERS\r\n////////////////////////////////////////////////////////////////////////////////\r\n$yform = new rex_yform;\r\n$form_data = \'REX_VALUE[3]\';\r\n$form_data = trim(str_replace(\'<br />\',\'\',rex_yform::unhtmlentities($form_data)));\r\n$yform->setFormData($form_data);\r\n$yform->setRedaxoVars(REX_ARTICLE_ID,REX_CLANG_ID);\r\n$placeholders = \'\';\r\nif(\'REX_VALUE[3]\'!=\'\') {\r\n  $ignores = array(\'html\',\'validate\',\'action\');\r\n  $placeholders .= \'\r\n        <div id=\"yform-js-formbuilder-placeholders\">\r\n            <h3>Platzhalter: <span>[<a href=\"#\" id=\"yform-js-formbuilder-placeholders-help-toggler\">?</a>]</span></h3>\'.PHP_EOL;\r\n  foreach($yform->objparams[\'form_elements\'] as $e) {\r\n    if(!in_array($e[0],$ignores) && isset($e[1])) {\r\n      $label = (isset($e[2]) && $e[2] != \'\') ? $e[2] . \': \' : \'\';\r\n      $placeholders .= \'<code>\' . $label . \'###\'.$e[1].\'###</code> \'.PHP_EOL;\r\n    }\r\n  }\r\n  $placeholders .= \'\r\n            <ul id=\"yform-js-formbuilder-placeholders-help\">\r\n                <li>Die Platzhalter ergeben sich aus den obenstehenden Felddefinitionen.</li>\r\n                <li>Per Klick können einzelne Platzhalter in den Mail-Body kopiert werden.</li>\r\n                <li>Aktualisierung der Platzhalter erfolgt über die Aktualisierung des Moduls.</li>\r\n            </ul>\r\n        </div>\'.PHP_EOL;\r\n}\r\n\r\n\r\n// OTHERS\r\n////////////////////////////////////////////////////////////////////////////////\r\n$row_pad = 1;\r\n\r\n$sel = \'REX_VALUE[1]\';\r\n$db_display   = ($sel==\'\' || $sel==1) ?\' style=\"display:none\"\':\'\';\r\n$mail_display = ($sel==\'\' || $sel==0) ?\' style=\"display:none\"\':\'\';\r\n\r\n?>\r\n\r\n<div id=\"yform-formbuilder\">\r\n  <fieldset class=\"form-horizontal\">\r\n    <legend>Formular</legend>\r\n    <div class=\"form-group\">\r\n      <label class=\"col-md-2 control-label text-left\">Debug Modus</label>\r\n      <div class=\"col-md-10\">\r\n        <div class=\"yform-select-style\">\r\n          <?= $dbg_sel; ?>\r\n        </div>\r\n      </div>\r\n    </div>\r\n    <div class=\"form-group\">\r\n      <label class=\"col-md-2 control-label\" for=\"yform-formbuilder-definition\">Felddefinitionen</label>\r\n      <div class=\"col-md-10\">\r\n        <textarea class=\"form-control\" style=\"font-family: monospace;\" id=\"yform-formbuilder-definition\" name=\"REX_INPUT_VALUE[3]\" rows=\"<?php echo (count(explode(\"\\r\",\'REX_VALUE[3]\'))+$row_pad);?>\">REX_VALUE[3]</textarea>\r\n      </div>\r\n    </div>\r\n    <div class=\"form-group\">\r\n      <label class=\"col-md-2 control-label\">Verfügbare Feldklassen</label>\r\n      <div class=\"col-md-10\">\r\n        <div id=\"yform-formbuilder-classes-showhelp\"><?= rex_yform::showHelp(); ?></div>\r\n      </div>\r\n    </div>\r\n    <div class=\"form-group\">\r\n      <label class=\"col-md-2 control-label\">Meldung bei erfolgreichen Versand</label>\r\n      <div class=\"col-md-10\">\r\n        <label class=\"radio-inline\">\r\n          <input type=\"radio\" name=\"REX_INPUT_VALUE[11]\" value=\"0\"<?php if(\"REX_VALUE[11]\" == \'0\') echo \' checked\'; ?> /> Plaintext\r\n        </label>\r\n        <label class=\"radio-inline\">\r\n          <input type=\"radio\" name=\"REX_INPUT_VALUE[11]\" value=\"1\"<?php if(\"REX_VALUE[11]\" == \'1\') echo \' checked\'; ?> /> HTML\r\n        </label>\r\n      </div>\r\n      <div class=\"col-md-offset-2 col-md-10\">\r\n        <textarea class=\"form-control\" name=\"REX_INPUT_VALUE[6]\" rows=\"<?php echo (count(explode(\"\\r\",\'REX_VALUE[6]\'))+$row_pad);?>\">REX_VALUE[6]</textarea>\r\n      </div>\r\n    </div>\r\n  </fieldset>\r\n\r\n  <fieldset class=\"form-horizontal\">\r\n    <legend>Vordefinierte Aktionen</legend>\r\n\r\n    <div class=\"form-group\">\r\n      <label class=\"col-md-2 control-label\">Bei Submit</label>\r\n      <div class=\"col-md-10\">\r\n        <div class=\"yform-select-style\">\r\n          <select class=\"form-control\" id=\"yform-js-formbuilder-action-select\" name=\"REX_INPUT_VALUE[1]\" size=\"1\">\r\n            <option value=\"\"<?php if(\"REX_VALUE[1]\" == \"\")  echo \" selected \"; ?>>Nichts machen (actions im Formular definieren)</option>\r\n            <option value=\"0\"<?php if(\"REX_VALUE[1]\" == \"0\") echo \" selected \"; ?>>Nur in Datenbank speichern</option>\r\n            <option value=\"1\"<?php if(\"REX_VALUE[1]\" == \"1\") echo \" selected \"; ?>>Nur E-Mail versenden</option>\r\n            <option value=\"2\"<?php if(\"REX_VALUE[1]\" == \"2\") echo \" selected \"; ?>>E-Mail versenden und in Datenbank speichern</option>\r\n          </select>\r\n        </div>\r\n      </div>\r\n    </div>\r\n  </fieldset>\r\n\r\n  <fieldset class=\"form-horizontal\" id=\"yform-js-formbuilder-mail-fieldset\"<?php echo $mail_display;?> >\r\n    <legend>E-Mail-Versand:</legend>\r\n\r\n    <div class=\"form-group\">\r\n      <label class=\"col-md-2 control-label\">Absender</label>\r\n      <div class=\"col-md-10\">\r\n        <input class=\"form-control\" type=\"text\" name=\"REX_INPUT_VALUE[2]\" value=\"REX_VALUE[2]\" />\r\n      </div>\r\n    </div>\r\n    <div class=\"form-group\">\r\n      <label class=\"col-md-2 control-label\">Empfänger</label>\r\n      <div class=\"col-md-10\">\r\n        <input class=\"form-control\" type=\"text\" name=\"REX_INPUT_VALUE[12]\" value=\"REX_VALUE[12]\" />\r\n      </div>\r\n    </div>\r\n    <div class=\"form-group\">\r\n      <label class=\"col-md-2 control-label\">Subject</label>\r\n      <div class=\"col-md-10\">\r\n        <input class=\"form-control\" type=\"text\" name=\"REX_INPUT_VALUE[4]\" value=\"REX_VALUE[4]\" />\r\n      </div>\r\n    </div>\r\n    <div class=\"form-group\">\r\n      <label class=\"col-md-2 control-label\">Mailbody</label>\r\n      <div class=\"col-md-10\">\r\n        <textarea class=\"form-control\" id=\"yform-js-formbuilder-mail-body\" name=\"REX_INPUT_VALUE[5]\" rows=\"<?php echo (count(explode(\"\\r\",\'REX_VALUE[5]\'))+$row_pad);?>\">REX_VALUE[5]</textarea>\r\n        <div class=\"help-block\">\r\n          <?php echo $placeholders;?>\r\n        </div>\r\n      </div>\r\n    </div>\r\n\r\n  </fieldset>\r\n\r\n  <fieldset class=\"form-horizontal\" id=\"yform-js-formbuilder-db-fieldset\"<?php echo $db_display;?> >\r\n    <legend>Datenbank Einstellungen</legend>\r\n\r\n    <div class=\"form-group\">\r\n      <label class=\"col-md-2 control-label\">Tabelle wählen <span>[<a href=\"#\" id=\"yform-js-formbuilder-db-help-toggler\">?</a>]</span></label>\r\n      <div class=\"col-md-10\">\r\n        <div class=\"yform-select-style\">\r\n          <?= $tbl_sel; ?>\r\n        </div>\r\n        <div class=\"help-block\">\r\n          <ul id=\"yform-js-formbuilder-db-help\">\r\n            <li>Hier werden die Daten des Formular hineingespeichert</li>\r\n          </ul>\r\n        </div>\r\n      </div>\r\n    </div>\r\n  </fieldset>\r\n\r\n</div>\r\n\r\n<p id=\"yform-formbuilder-info\"><?=  rex_addon::get(\'yform\')->getName() . \' \' . rex_addon::get(\'yform\')->getVersion() ?></p>\r\n\r\n<script type=\"text/javascript\">\r\n  <!--\r\n  (function($){\r\n\r\n    // AUTOGROW BY ROWS\r\n    $(\'#yform-formbuilder textarea\').keyup(function(){\r\n      var rows = $(this).val().split(/\\r?\\n|\\r/).length + <?php echo $row_pad;?>;\r\n      $(this).attr(\'rows\',rows);\r\n    });\r\n\r\n    // TOGGLERS\r\n    $(\'#yform-js-formbuilder-placeholders-help-toggler\').click(function(e){\r\n      e.preventDefault();\r\n      $(\'#yform-js-formbuilder-placeholders-help\').toggle(50);return false;\r\n    });\r\n    $(\'#yform-js-formbuilder-where-help-toggler\').click(function(e){\r\n      e.preventDefault();\r\n      $(\'#yform-js-formbuilder-where-help\').toggle(50);return false;\r\n    });\r\n    $(\'#yform-js-formbuilder-db-help-toggler\').click(function(e){\r\n      e.preventDefault();\r\n      $(\'#yform-js-formbuilder-db-help\').toggle(50);return false;\r\n    });\r\n\r\n\r\n    // INSERT PLACEHOLDERS\r\n    $(\'#yform-js-formbuilder-placeholders code\').click(function(){\r\n      newval = $(\'#yform-js-formbuilder-mail-body\').val()+\' \'+$(this).html();\r\n      $(\'#yform-js-formbuilder-mail-body\').val(newval);\r\n      $(this).addClass(\'text-muted\');\r\n    });\r\n\r\n    // TOGGLE MAIL/DB PANELS\r\n    $(\'#yform-js-formbuilder-action-select\').change(function(){\r\n      switch($(this).val()){\r\n        case \'\':\r\n          $(\'#yform-js-formbuilder-db-fieldset\').hide(0);\r\n          $(\'#yform-js-formbuilder-mail-fieldset\').hide(0);\r\n          break;\r\n        case \'1\':\r\n          $(\'#yform-js-formbuilder-db-fieldset\').hide(0);\r\n          $(\'#yform-js-formbuilder-mail-fieldset\').show(0);\r\n          break;\r\n        case \'0\':\r\n          $(\'#yform-js-formbuilder-db-fieldset\').show(0);\r\n          $(\'#yform-js-formbuilder-mail-fieldset\').hide(0);\r\n          break;\r\n        case \'2\':\r\n        case \'3\':\r\n          $(\'#yform-js-formbuilder-db-fieldset\').show(0);\r\n          $(\'#yform-js-formbuilder-mail-fieldset\').show(0);\r\n          break;\r\n      }\r\n    });\r\n\r\n  })(jQuery)\r\n  //-->\r\n</script>\r\n','0000-00-00 00:00:00','','2021-03-20 16:15:59','Thomas',NULL,0),
  (2,'text_markdown','Textabschnitt','<?php\n  $firstStage = str_replace(\"\\n\",\'<br>\',markitup::parseOutput (\'markdown\', \'REX_VALUE[id=1 output=\"html\"]\'));\n  echo str_replace(\'<br><\',\'<\',$firstStage);\n?>','<fieldset class=\"form-horizontal\">\n  <div class=\"form-group\">\n    <label class=\"col-sm-2 control-label\" for=\"value-1\">VALUE 1</label>\n    <div class=\"col-sm-10\">\n      <textarea class=\"form-control markitupEditor-markdown_full\" id=\"value-1\" name=\"REX_INPUT_VALUE[1]\">REX_VALUE[1]</textarea>\n    </div>\n  </div>\n</fieldset>','2020-05-22 16:37:28','Thomas','2021-03-20 16:15:59','Thomas',NULL,0),
  (4,'tth_view_list_letter','Liste nach Anfangsbuchstaben','<?php\nif (rex::isBackend()) {\n	?>\n	<p>Artikel für Begriffe: <strong>REX_LINK[id=1 output=name]</strong> (ID: REX_LINK[id=1 output=id])</p>\n	<?php\n}\n?>\n\n<p>\n<a id=\"marker-letters\"></a>\n<?php\n\n$targetArticleId = \'REX_LINK[id=1 output=id]\';\n\nfor($i = 0; $i <= 25; $i++ ) {\n	$letter = chr($i+65);\n	if (23 !== $i && 24 !== $i) {\n		echo \'<a href=\"\'.rex_getUrl(\'\',\'\',array( \'startletter\' => $letter)).\'#marker-letters\" class=\"btn btn-primary\">\'.$letter.\'</a> \';\n	}\n}\n\n$startLetter = rex_request(\'startletter\');\nif ($startLetter) {\n	$startLetter = strtoupper($startLetter);\n	if (!isset($sql)) $sql = rex_sql::factory();\n	if (!isset($vm)) $vm = new \\kwd\\tth\\ViewFormatter($sql, \'rex_getUrl\');\n\n	$entities = $vm->getTableManagerInstance()->findEntities($startLetter.\'*\');\n	if ($entities) {\n		echo \'<hr>\'.$vm->getEntityLinkList($entities, $targetArticleId);\n	}\n	else {\n		echo \'Keine Begriffe gefunden\';\n	}\n}\n?>\n</p>','<p>Artikel, der Detailansicht der <em>Begriffe</em> enthält:<br>\nREX_LINK[id=1 widget=1]\n</p>\n','2020-05-23 20:27:10','Thomas','2021-03-22 15:01:16','Thomas',NULL,0),
  (5,'tth_view_item','Detailansicht','<!-- you will need to use bootstrap rows/cols -->\n<?php\n	if (rex::isBackend()) {\n		// !!! make general function for \"backend-page link\"\n		?>\n		<p>Ergebnisse nur im Frontend.</p>\n		<p>Bei fehlender ID des Begriffs wird eine Warnung ausgegeben.</p>\n		<p>Die Ziel-Seite der globalen Suche sollte dieses Modul enthalten. Da bei Suchmuster eine Auswahlliste erzeugt wird, wenn das Suchmuster auf mehrere Begriffe passt.</p>\n		<p>Artikel für Quellen: <strong>REX_LINK[id=1 output=name]</strong> (ID: REX_LINK[id=1 output=id])</p>\n		<p>Artikel für Schlagwörter:  <strong>REX_LINK[id=2 output=name]</strong> (ID: REX_LINK[id=2 output=id])</p>\n		<?php\n	}\n	else {\n		?>\n		<div class=\"row detailed-view\">\n		<div class=\"col\">\n		<?php\n\n		// !!! how pack in function?\n		if (!isset($sql)) $sql = rex_sql::factory();\n		if (!isset($vm)) $vm = new \\kwd\\tth\\ViewFormatter($sql, \'rex_getUrl\'); \n		$tm = $vm->getTableManagerInstance();\n		$descriptorId = $tm->getDescriptorId();\n		$facetteId = $tm->getFacetId();\n		\n		\n		// !!! why not settable in module INPUT?\n		// ! localhost = 21, on kwd = 20 \n		$glossarArticleId = rex_config::get(\'tth\', \'article_glossar\');\n		if (!$glossarArticleId) {\n			$glossarArticleId = 20;\n			rex_config::set(\'tth\', \'article_glossar\', $glossarArticleId);\n		}\n		// !!! make $vm->setGlossarArticleId()\n\n		$filterArticleId = rex_config::get(\'tth\', \'article_filter\');\n		// ! localhost = ?, on kwd = 5 \n		if (!$filterArticleId) {\n			$filterArticleId = 5;\n			rex_config::set(\'tth\', \'article_filter\', $filterArticleId);\n		}\n		\n		$searchResultList = \'\';\n		$id = 0;\n\n		// first check search results,\n		$wSearch = rex_escape(rex_request(\'wordlistsearch\',\'string\'));\n		if ($wSearch) {\n			$searchPattern = rex_escape($wSearch);\n			if ($searchPattern) {\n				// !!! Problem wenn Anfuehrungszeichen in gespeichertem Wort\n				\n				$searchPattern = \n					str_replace(\"\'\",\"\",\n					str_replace(\"`\",\"\",\n					str_replace(\'\"\',\'\',\n					str_replace(\"\\n\",\'\',\n					str_replace(\';\',\'\',\n					$searchPattern\n				)))));\n\n				if (false === strpos($searchPattern,\'*\')) {\n					// search for word as is \n					// ! note that can still be more than 1 because of possible entities with exact same name\n					$singleEntities= $tm->findEntities($searchPattern, true); // true means strictly the word/pattern\n					if (1 === count($singleEntities)) {\n						// redirect is cleaner (HTTP url consistency)\n						rex_redirect(\'\',\'\',[\'begriff_id\' => $singleEntities[0][\'id\']]);\n					}\n					else {\n						// ! change pattern to always have PART of word when no *\n						$searchPattern = \'*\'.$searchPattern.\'*\';\n					}\n				}\n				\n				$entities = $tm->findEntities($searchPattern);\n				if ($entities) {\n					$searchResultList = $vm->getEntityLinkList($entities);\n				}\n			}\n		}\n\n		if (!$id) $id = rex_request(\'begriff_id\',\'int\');\n		if ($id) {\n			$sourcesArticleId = \'REX_LINK[id=1 output=id]\';\n			$tagsArticleId = \'REX_LINK[id=2 output=id]\';\n			if (!$sourcesArticleId) $sourcesArticleId = \'REX_ARTICLE_ID\';\n									\n			$r = $tm->getSingleEntity($id); // getSingleEntity returns empty array when not found\n			if ($r) { \n				$html = \'\';\n\n				if ($tm->checkTruthyWord($r[\'bearbeiten\'])) {\n					$html .= rex_view::warning(\'Dieser Eintrag (ID: \'.$r[\'id\'].\') muss noch überarbeitet werden.\');\n				}\n\n				$html .= \'<table class=\"table table-responsive\">\';\n\n				// row 1\n				$html .= \'<tr>\';\n				$html .= \'<td>\';\n				if ($r[\'begriffsstatus_id\'] == $facetteId) {\n					$html .= \'<strong>Facette!</strong>\';\n				}\n				else {\n					// !!! join in SQL, see above for \'sprache\', \'region\', etc.\n					$html .= \'Facette: [facette_id]\';\n					\n				}\n\n				// ! depending on anchor correctly set in DB  (glossar entry)\n				// !!! should read all anchors from DB \n				$html .= \'  <a href=\"\'.rex_getUrl($glossarArticleId).\'#facette\">(?)</a></td>\';\n				$html .= \'<td>\';\n				$html .= $vm->getRelationLinkList(\'supers\', $id);\n				// 						Ein weiterer Vorteil ist, dass die Platzhalter wiederholt werden können, ohne mehr Argumente im Code hinzufügen zu müssen.\n\n				// <?php\n				// $format = \'Der %2$s enthält %1$d Affen.\n				//            %1$d Affen sind ziemlich viel für einen %2$s.\';\n				// ! must be \"unterbegriffe\" reverse to show generated \"oberbegriffe\"\n				$html .= \'<br>\'.$vm->getReverseRelationLinkList(\'subs\', $id);\n				$html .= \'</td>\';\n				$html .= \'<td></td>\';\n				$html .= \'</tr>\';\n\n				// row 2\n				$html .= \'<tr>\';\n				$html .= \'<td>\';\n				\n				// !!! list facettes when current is facette\n				if ($r[\'begriffsstatus_id\'] == $facetteId) {\n					$facettes = str_replace(\'a>, \',\'a><br>\',$vm->getEntityLinkListByFieldValue(\'state\',$facetteId));\n					if ($facettes) {\n						$html .= \'Facetten:<br>\'.$facettes;\n					}\n				}\n				else {\n					// ! we must check $r[\'benutze\'] because benutze==0 also produces link\n					$benutzeBegriff = \'\';\n					if ($r[\'benutze\']) $benutzeBegriff = trim($vm->getLink(\'begriff_id\', $r[\'benutze\'], $r[\'benutze_begriff\']));\n					\n					$descriptorLink = \'  <a href=\"\'.rex_getUrl($glossarArticleId).\'#deskriptor\">(?)</a>\';\n					\n					if ($r[\'begriffsstatus_id\'] == $descriptorId) {\n						\n						$html .= \'<strong>Deskriptor!</strong>\'.$descriptorLink.\'<br>\';\n						if ($benutzeBegriff) {\n							$html .= \'<em>Fehler: Deskriptor verweist auf Deskriptor.<br>\';\n						}\n					}\n					else {\n						$html .= \'Deskriptor:\'.$descriptorLink.\'<br>\';\n						if (!trim($benutzeBegriff)) {\n							$html .= \'(nicht gesetzt!)\';\n						}\n					}\n					\n					// ! depending on anchor correctly set in DB  (glossar entry)\n					// !!! should read all anchors from DB \n					\n					$html .= $benutzeBegriff.\'<br>\'; // ! always\n\n					// !!! check if is descriptor,\n					//     if not, get class of descriptor id,\n					//     in both cases we should get data about begriffsstatus of each entity in list to mark \n					//     linking errors.\n					$html .= \'Äquivalenzklasse:\'.$vm->getGlossarLink(\'aequivalenzklasse\',$glossarArticleId).\'<br>\';		\n					$html .= $vm->getEntityLinkListByFieldValue(\'descriptor\',$id);\n					if ($r[\'benutze\']) {\n						$html .= $vm->getEntityLinkListByFieldValue(\'descriptor\',$r[\'benutze\']);\n						$html .= \'<br><span class=\"small\"><em>(falls hier Dopplungen auftreten, sind unzulässigerweise Deskriptoren verkettet.)</em></span>\';\n					}\n\n					if ($r[\'benutzt_fuer\']) {\n						// make the whole logic in TableManager\n						$ids = $r[\'benutzt_fuer\'];\n						if (false !== strpos($ids, \',\')) $rawIds = explode(\',\', $ids);\n						else if (false !== strpos($ids, \';\')) $rawIds = explode(\';\', $ids);						\n						$html .= \'<hr><span class=\"small\">Manuelle Synonyme (\"benutzt_fuer\"): \'\n							.$vm->getEntityLinkList($tm->getEntitiesFromIdList($rawIds))\n							.\'</span>\';\n					}\n				}\n					\n				$html .\'</td>\';\n\n				$html .= \'<td class=\"entity-center\"><h2>\'.$r[\"begriff\"].\'</h2>\';\n\n				$html .= $vm->getMarkDownText(\'markitup::parseOutput\',rex_addon::get(\'markitup\'), $r[\'definition\']);\n				$html .= \'<hr>\';\n\n				// !!! $html .= \'Sprache: \'.$vm->getFilterCrossLink($r[\'sprache\'], \'sprache_id\', $r[\'sprache_id\']).\', \';\n				$html .= \'Sprache: <a href=\"\'.rex_getUrl($filterArticleId,\'\',[\'sprache_id\'=>$r[\'sprache_id\']]).\'\">\'.$r[\'sprache\'].\'</a>, \';\n				$html .= \'Sprachstil: <a href=\"\'.rex_getUrl($filterArticleId,\'\',[\'sprachstil_id\'=>$r[\'sprachstil_id\']]).\'\">\'.$r[\'sprachstil\'].\'</a>, \';\n				$html .= \'Sprachregion: <a href=\"\'.rex_getUrl($filterArticleId,\'\',[\'region_id\'=>$r[\'region_id\']]).\'\">\'.$r[\'region\'].\'</a>\';\n\n\n				$html .= \'</td>\';\n				$html .= \'<td>\';\n\n				$html .= \'Äquivalente (manuell):\';\n				$html .= $vm->getRelationLinkList(\'equivalents\', $id);\n				// !!! cool would be \'br\' only when needed -> make sub function for all reverse addition\n				// !!! idea for getBidirectionalRelationLinkList see `table_manager.php`\n				$html .= \'<br>\'.$vm->getReverseRelationLinkList(\'equivalents\', $id);\n\n				$html .= \'Verwandte:<br>\';\n				$html .= $vm->getRelationLinkList(\'relatives\', $id);\n				$html .= \'<br>\'.$vm->getReverseRelationLinkList(\'relatives\', $id);\n				$html .= \'</td>\';\n				$html .= \'</tr>\';\n\n				// row 3\n				$html .= \'<tr>\';\n				$html .= \'<td></td>\';\n				$html .= \'<td>\';\n				$html .= $vm->getRelationLinkList(\'subs\', $id);\n				// ! must be \"unterbegriffe\" reverse to show generated \"oberbegriffe\"\n				$html .= \'<br>\'.$vm->getReverseRelationLinkList(\'supers\', $id);\n				$html .= \'</td>\';\n				$html .= \'<td>Schlagwörter:<br>\';\n				$html .= $vm->getForeignEntriesLinkList(\'tags\', $id, $tagsArticleId);\n				$html .= \'</td>\';\n				$html .= \'</tr>\';\n\n				$html .= \'</table>\';\n				echo $html;\n\n				// !!! type check!\n				if ($r[\'begriffsstatus_id\'] == $facetteId) {\n					echo rex_view::warning(\'Dies ist eine \"Facette\". Es ist somit ein Oberbegriff der höchsten Hierarchieebene und kann nicht als normale Entität behandelt werden.\');\n				}\n\n				$html = \'<table class=\"table table-responsive\">\';\n				\n				// $html .= $vm->getRow(\'Sprache\', $r[\'sprache\']);\n				// $html .= $vm->getRow(\'Sprachstil\', $r[\'sprachstil\']);\n				// $html .= $vm->getRow(\'Region\', ($r[\'region\']) ? $r[\'region\'] : \"\");\n				$html .= $vm->getRow(\'ID\', $r[\'id\']);\n				$html .= $vm->getRow(\'Begriffcode\', $r[\'code\']);\n				$html .= $vm->getRow(\'Begriffs-Status\',\'<a href=\"\'\n				.rex_getUrl(\n					$filterArticleId,\n					\'\',\n					[ \'begriffsstatus_id\' => $r[\'begriffsstatus_id\'] ]\n				)\n				.\'\">\'.$r[\'status\']).\'</a>\';\n				// ! redaxo file list is *comma* separated\n				if ($r[\'bild\']) {\n					// ! separator \',\' is determined by redaxo\n					$images = explode(\',\',$r[\'bild\']);\n					$imgHTML = \'\';\n					foreach ($images as $img) {\n						$imgHTML .= \'<img src=\"index.php?rex_media_type=tth_horizontal_list&rex_media_file=\'.$img.\'\">\';\n					}\n					$html .= $vm->getRow(\'Bilder\',$imgHTML);\n				}\n				\n				// !!! how make view DONT know model?\n				$html .= $vm->getRow(\n					\'Grobgliederung\',\n					$vm->getRelationLinkList(\'structuring\', $id)\n				);\n\n				$html .= $vm->getRow(\n					\'Begriffe, bei denen Grobgliederung auf diesen Begriff verweist\',\n					$vm->getReverseRelationLinkList(\'structuring\', $id)\n				);\n									\n				// !!! use small def from Bootstrap\n				// $html .= $vm->getRow(\'Schlagwörter\',$tagList.\'<br><small></small>\');\n				\n				// ! first link\n				// $html .= $vm->getRow(\'Synonym von (Benutze)\',$vm->getLink(\'begriff_id\', $r[\'benutze\'], $r[\'benutze_begriff\']).\'<br><small>dies ist der Desriptor und damit Name der <em>Äquivalenzklasse</em></small>\');\n					\n				// !!! use small def from Bootstrap\n				// $syns = $vm->getLinkList($synonyms, \'begriff_id\', \'begriff\');\n				// $html .= $vm->getRow(\'Deskriptor von (Benutzt für)\',$syns.\'<br><small>diese sind zusammen mit dem Begriff \"\'.$r[\'begriff\'].\'\" selbst die <em>Äquivalenzklasse</em></small>\');\n				\n				// if ($r[\'quelle_seite\']) $html .= $vm->getRow(\'Seite in Quelle\',$r[\'quelle_seite\']);\n				\n				$html .= $vm->getRow(\'Scoped Notes\',$r[\'notes\']);\n				$html .= $vm->getRow(\'Kategorie\', \'<a href=\"\'.rex_getUrl($filterArticleId,\'\',[\'category_value\'=>$r[\'kategorie\']]).\'\">\'.$vm->getTruthyWord($r[\'kategorie\']).\'</a>\');\n				// ;\n				$html .= $vm->getRow(\'Veröffentlichen?\',$vm->getTruthyWord($r[\'veroeffentlichen\']));\n				$html .= $vm->getRow(\'Noch bearbeiten\',\'<a href=\"\'.rex_getUrl($filterArticleId,\'\',[\'edit_value\'=>$r[\'bearbeiten\']]).\'\">\'.$vm->getTruthyWord($r[\'bearbeiten\']).\'</a>\');\n				\n				$authorText = \'\';\n				// ! the `if` is important because the SQL may still returen the first entry of tth_autoren for some reason when autor_id=\'\'  ! whole data set not returned when no author; need 0 clause in inner join\n				// !!! link to author with autor_id\n				if ($r[\'autor\']) { // is a generated value; and is NULL when not set\n					$authorText .= $r[\'autor\'];\n					// !!! provide link for GND (see code in details of \"Quelle\")\n					if (trim($r[\'gnd\'])) $authorText .= \' (GND: \'.$r[\'gnd\'].\')\';\n				}\n				$html .= $vm->getRow(\'Autor\',$authorText);\n				$html .= \'</table>\';\n				echo $html;\n					\n				// !!! remove after tests because unnessecary doubled sql query\n				// !!! or refactor by using getLinkList directly, but then you\'ll need to query names from TableManager\n				// echo \'<p>new code list of sources: \'.$vm->getForeignEntriesLinkList(\'references\', $id, $sourcesArticleId). \'</p>\';\n				\n				$sourcesArray = $tm->getForeignEntries(\'references\', $id);\n				$html = \'<hr><table class=\"table table-responsive\">\';\n				// make header line of table\n				$html .= \"<thead><tr><th>#</th><th>Quelle</th><th>Seitenzahl</th><th>Bevorzugt?</th></thead>\\n\";\n				$i = 1;\n				foreach($sourcesArray as $s) {\n					$html .= \"<tr>\\n\";\n					$html .= \"<td>$i</td> \";\n					$html .= \"<td>\".$vm->getLink(\'quelle_id\',$s[\'quelle_id\'], \'<div class=\"author-name\">\'.$s[\'kurz\'].\'</div>\', $sourcesArticleId).\"</td> \";\n					// check for any truthy value\n					$html .= \"<td>\".($s[\'seitenzahl\'] ? $s[\'seitenzahl\'] : \'\').\"</td> \";\n					// check for any truthy value\n					$html .= \"<td>\".($s[\'bevorzugt\'] ? \'bevorzugt\' : \'\').\"</td> \";\n					// $html .= \"<td>${s[\'bevorzugt\']}</td> \";\n					$html .= \"</tr>\\n\";\n					$i++;\n				}\n				echo $html.\'</table>\';\n			\n				// write a string with begriff\n				echo \'{{{\'.$r[\'begriff\'].\'}}}\';\n				// rex_config::set(\'tth\',\'current_entity\',$r[\'begriff\']);\n			}\n			else {\n				echo rex_view::warning(\'Eintrag für ID = \'.$id.\' nicht gefunden.\');\n			}\n\n		}\n\n			// !!! check: remove this if when hierarchy is always on other page \n			else if (!rex_request(\'facette_id\')) {\n				if ($wSearch) {\n					echo \'<div class=\"card\"><div class=\"card-body\"><h5 class=\"card-title\">\'.($searchResultList ? \'\' : \'<strong>Keine</strong> \').\'Ergebnisse für \"\'.$wSearch.\'\":</h5><p>\'.$searchResultList.\'</p></div></div>\';\n				}\n				else if (!$id) {\n					// !!! make text editable in module input\n					echo rex_view::warning(\'Kein Begriff ausgewählt.\');\n				}\n			}\n			?>\n	</div>\n</div>\n				<?php\n			} // if rex::isBackend()\n			?>\n','<p>Artikel, der Detailansicht der <em>Literatur-Quellen</em> enthält:</p>\nREX_LINK[id=1 widget=1]\n<p>Artikel, der Übersicht der <em>Schlagwörter</em> enthält:</p>\nREX_LINK[id=2 widget=1]\n','2020-05-25 10:51:48','Thomas','2021-03-22 23:02:47','Thomas',NULL,0),
  (6,'tth_view_source','Quellen-Detailansicht','<?php\n\n$quelleId = rex_escape(rex_request(\'quelle_id\',\'int\')); // the param \'int\' should prevent from dangerous inputs\n// is_numeric is enough sanitize if we just need an id\nif ($quelleId && is_numeric($quelleId)) {\n\n	// !!! how pack in function? not possible\n	if (!isset($sql)) $sql = rex_sql::factory();\n	if (!isset($vm)) $vm = new \\kwd\\tth\\ViewFormatter($sql, \'rex_getUrl\'); \n\n	echo \'Zeige Quelle id \'.$quelleId;\n	$tm = $vm->getTableManagerInstance();\n	$r = $tm->getSingleDataSet(\'sources\', $quelleId);\n	$authors = $tm->getAuthorsForSource($quelleId);\n\n	if ($r) {\n		echo \"<h2>${r[\'kurz\']}</h2>\";\n		?>\n		<table class=\"table table-responsive\">\n		<?php\n		$html = \'\';\n		$html .= $vm->getRow(\'Titel\',$r[\'titel\']);\n		$html .= $vm->getRow(\'Jahr\',$r[\'jahr\']);\n		$html .= $vm->getRow(\'ISBN\',$r[\'isbn\']);\n		$html .= $vm->getRow(\'Kurzform\',$r[\'kurz\']);\n		// !!! make link to details for author table (or general link to table with all authors, still not many)\n		$authorsHtml = \'\';\n		foreach($authors as $a) {\n			$authorsHtml .= \"${a[\'vorname\']} ${a[\'name\']}\";\n			if ($a[\'gnd\']) {\n				// !!! make as config var or sprog/string replacement\n				$authorsHtml .= \" (GND: <a href=\'https://portal.dnb.de/opac.htm?query=${a[\'gnd\']}\'>${a[\'gnd\']}</a>)\";\n			}\n			$authorsHtml .= \", \";\n		}\n		$html .= $vm->getRow(\'Autoren\',$authorsHtml.\' <small>(ID in altem System: \'.$r[\'autor_id\'].\')</small>\');\n\n		echo $html;\n		?>\n		</table>\n		<?php\n	}\n	else {\n		// !!! again use module vars for text template\n		echo rex_view::warning(\'Kein Datensatz gefunden für ID=\'.$quelleId);\n	}\n}\n?>','','2020-05-26 11:03:42','Thomas','2021-03-22 21:34:00','Thomas',NULL,0),
  (7,'tth_view_list_param','Liste nach Parameter (nur Begriffe)','<?php\n// - put all tth_view_list* together for less modules\n// - set params ins module instead for start view\n// - control output by params from url\n\nif (!function_exists(\'printCardWithList\')) {\n		// printCard($vm->getFilteredLinks(\'languages\', rex_vewescape(rex_request(\'sprache_id\')), \'REX_LINK[id=1 output=id]\'));\n\n	function printCardWithList(&$view, $subject, $idName, $displayedFilter = \'Suchwort\') {\n		$html = $view->getFilteredLinks($subject, rex_escape(rex_request($idName)), \'REX_LINK[id=1 output=id]\');\n		if (trim($html)) {\n			$heading = sprintf(substr($html, 0, strpos($html, \':\')), $displayedFilter); \n			$list = substr($html, strpos($html, \':\')+1);\n			// count entries because not returned by getFilteredLinks\n			$count = substr_count($list, \'<a \');\n			?>\n			<div class=\"card\">\n				<div class=\"card-header\"><?=$heading?> (<?=$count?>):</div>\n				<div class=\"card-body\"><?=$list?></div>\n			</div>\n			<?php\n		}\n	}\n}\n\n$detailsArticleId = \'REX_LINK[id=1 output=id]\';\n\nif (!isset($sql)) $sql = rex_sql::factory();\nif (!isset($vm)) $vm = new \\kwd\\tth\\ViewFormatter($sql, \'rex_getUrl\'); \n\n\n// ! we don\'t read \"id names\" from tableManager because can also be different from DB (convention of MODULE code)\nprintCardWithList($vm, \'languages\', \'sprache_id\', \'Sprache\'); // could get easier with SPROG + i18n\nprintCardWithList($vm, \'languagestyles\', \'sprachstil_id\', \'Sprachstil\');\nprintCardWithList($vm, \'regions\', \'region_id\', \'Region\'); \nprintCardWithList($vm, \'states\', \'begriffsstatus_id\', \'Begriffsstatus\');\nprintCardWithList($vm, \'edit\', \'edit_value\', \'Noch bearbeiten\'); \nprintCardWithList($vm, \'is_category\', \'category_value\', \'Kategorie\'); \n\n$quellen = $vm->getTableManagerInstance()->getAllEntries(\'sources\', true);\narray_push($quellen, array( \'id\' => 0, \'kurz\' => \'nicht gesetzt\'));\n\n$source = rex_request(\'quelle_id\');\n\nif ($source || 0 === $source || \'0\' === $source) {\n	$referencesLinkList = \'\';\n	if ($source) {\n		$referencesLinkList = $vm->getEntityLinkListForOuterRelation(\'references\', $source, $detailsArticleId);\n	}\n	else {\n		$referencesLinkList = $vm->getEntityLinkListForUnsetRelation(\'references\', $detailsArticleId);\n	}\n		\n	$sourceName = \'??\';\n	foreach ($quellen as $q) {\n		if ($source == $q[\'id\']) {\n			$sourceName = $q[\'kurz\'];\n		}\n	}\n	\n	?>\n	<p><strong>Begriffe nach Quelle \"<?=$sourceName?>\"</strong> (<?=substr_count($referencesLinkList, \'<a \')?> Einträge):</strong> <?=$referencesLinkList?></p>\n	<?php	\n}\n?>\n<hr>\n<p><strong>Sprache:</strong> <?=$vm->getAllEntriesLinkList(\'languages\', true, true)?></p>\n<p><strong>Region:</strong> <?=$vm->getAllEntriesLinkList(\'regions\', true, true)?></p>\n<p><strong>Sprachstil:</strong> <?=$vm->getAllEntriesLinkList(\'languagestyles\', true, true)?></p>\n<p><strong>Begriffsstatus:</strong> <?=$vm->getAllEntriesLinkList(\'states\', true, true)?></p>\n<?php\n\n// !!! also put in function or method!\n$edit = [\n	[\n		\'id\' => \'FALSE\',\n		\'edit\' => \'nein\'\n	],\n	[\n		\'id\' => \'TRUE\',\n		\'edit\' => \'ja\'\n	],\n	[\n		\'id\' => \'0\',\n		\'edit\' => \'nicht gesetzt\'\n	]\n];\n?>\n<p><strong>Noch bearbeiten:</strong> <?=$vm->getLinkList($edit, \'edit_value\', \'edit\')?></p>\n<?php\n\n// !!! also put in function or method!\n$isCat = [\n	[\n		\'id\' => \'FALSE\',\n		\'is_category\' => \'nein\'\n	],\n	[\n		\'id\' => \'TRUE\',\n		\'is_category\' => \'ja\'\n	],\n	[\n		\'id\' => \'0\',\n		\'is_category\' => \'nicht gesetzt\'\n	]\n];\n?>\n<p><strong>Kategorie:</strong> <?=$vm->getLinkList($isCat, \'category_value\', \'is_category\')?></p>\n<p><strong>Quelle:</strong> <?=$vm->getLinkList($quellen, \'quelle_id\', \'kurz\')?></p>\n<?php\n\n?>','<p>Artikel, der Detailansicht der <em>Begriffe</em> enthält:</p>\nREX_LINK[id=1 widget=1]','2020-05-26 14:44:42','Thomas','2021-03-21 23:29:09','Thomas',NULL,0),
  (8,'tth_view_table','Tabellenansicht','<?php\n	if (!isset($sql)) $sql = rex_sql::factory();\n	if (!isset($vm)) $vm = new \\kwd\\tth\\ViewFormatter($sql, \'rex_getUrl\'); \n\n	$selected = \'REX_VALUE[1]\';\n	$x = explode(\'~\',$selected);\n	$subject = $x[0];\n	$name = $x[1];\n\n	echo \"<h2>$name</h2>\";\n\n	$data = $vm->getTableManagerInstance()->getOuterRelationTableData($subject);\n\n	$html = \'\';\n\n	// !!! need options\n	//     - define white-space: nowrap for some columns OR at least column id as CSS class for each cell\n	//     - hide some cols\n	//     - custom names for field names\n	if (count($data)) {\n\n		$html = \'<table class=\"table table-responsive\">\';\n\n		foreach($data[0] as $key => $value) {\n			$html .= \'<th>\'.$key.\'</th>\';\n		}\n\n		foreach($data as $a) {\n			$html .= \"<tr>\";\n			\n			foreach($a as $key => $value) {			\n				$html .= \'<td>\'.$value.\'</td>\';\n			}\n			\n			$html .= \"</tr>\\n\";\n		}\n\n		$html .= \'</table>\';\n	}\n\n	echo $html;\n?>','Tabelle anzeigen:\n<div class=\"rex-select-style\">\n<select id=\"REX_INPUT_VALUE[1]\" name=\"REX_INPUT_VALUE[1]\" class=\"form-control\">\n<?php\n\n// ! key is convention of TableManager (= meta names as \"subject\" which are mapped to actual DB tables)\n$tables = array(\n	\'authors\' => \'Autoren\',\n	\'states\' => \'Begriffsstati\',\n	\'sources\' => \'Quellen\',\n	\'regions\' => \'Regionen\',\n	\'languages\' => \'Sprachen\',\n	\'languagestyles\' => \'Sprachstile\'\n);\n\n$preSelected = \'REX_VALUE[1]\';\n\nforeach($tables as $key => $value) {\n	echo \"<option value=\'$key~$value\' \".($preSelected == $key.\'~\'.$value ? \" selected=\'selected\'\":\"\").\">$value</option>\\n\";\n}\n?>\n</select>\n</div>','2020-05-26 20:08:16','Thomas','2021-03-20 16:15:59','Thomas',NULL,0),
  (9,'tth_convert_sources','Konvertiere Quellen','<?php if (rex::isBackend()) : ?>\nDer Callback heißt \'convertSourcesCallback\'. Du brauchst einen YForm-Block zum Starten.\n<?php endif; \n\n// !!! remove code, probably not needed again\nif (!function_exists(\'convertSourcesCallback\')) {\n	function convertSourcesCallback($request) {\n		// echo \'absenden erkannt\';\n		// - convert from quellen_idlist and quelle_seite; easier than from created relations table\n		// - preserve order in list\n		// - assume page number to belong to first quelle\n		// - assume first quelle to be \"preferred\"\n		$sql = rex_sql::factory();\n		$query = \"SELECT id,quelle_seite,quellen_idlist FROM tth_wortliste WHERE quellen_idlist != \'\'\";\n		$rows=$sql->getArray($query);\n		echo count($rows) .\" Einträge mit Quellen.\\n\";\n\n		$insertList = \'\';\n		foreach($rows as $r) {\n			$sources = explode(\';\',$r[\'quellen_idlist\']);\n			// echo \', \'.count($sources);\n			$i = 0;\n			$seite = $r[\'quelle_seite\'];\n			if (!$seite) $seite = \"\'\'\";\n\n			foreach($sources as $s) {\n				if (trim($s)) {\n					// echo \'.\';\n					// order: quelle_id, seitenzahl, bevorzugt, begriff_id\n					// $insertList .= \"(\'.$s.\',\'.$node.\"),\\n\"; check if \\n needed!\n					$insertList .= \"($s, \".($i === 0 ? $seite : \"\'\'\").\", \".($i === 0 ? \"\'TRUE\'\" : \"\'\'\").\", ${r[\'id\']}), \";\n					$i++;\n				}\n			}\n		}\n\n		// remove last comma!\n		$insertList = substr($insertList,0,strrpos($insertList,\',\'));\n		$query = \'INSERT INTO tth_quellenangaben (quelle_id, seitenzahl, bevorzugt, begriff_id) VALUES \'.$insertList;\n		echo \'<h3>SQL-Befehl</h3><p>\'.$query.\'</p>\';\n		\n		// disabled for security\n		// $sql->setQuery($query);\n	}\n}\n\nif (rex_post(\'FORM\')) {\n}\nelse {\n	$sql = rex_sql::factory();\n	// \"SUM\" can be passed a simpler expression than \"COUNT\"\n	$query = \"SELECT COUNT(id) AS numEntities, SUM(quellen_idlist != \'\') AS numSources, SUM(quellen_idlist LIKE \'%;%\') AS numMultipleSources, SUM(quelle_seite != \'\') AS numPageNumbers FROM tth_wortliste\";\n	$sql->setQuery($query);\n	$rows=$sql->getArray();\n	$d = $rows[0]\n?>\n<p>\n	Einträge: <?=$d[\'numEntities\']?><br>\n	Einträge mit Quellen: <?=$d[\'numSources\']?><br>\n	Einträge mit mehreren Quellen: <?=$d[\'numMultipleSources\']?><br>\n	Einträge mit Seitenzahlen: <?=$d[\'numPageNumbers\']?>\n</p>\n\n<?php } ?>','Keine Einstellungen einfach speichern.','2020-06-10 22:20:45','Thomas','2021-03-22 22:28:16','Thomas',NULL,0),
  (10,'tth_view_filter','Filterergebnisse','','','2020-06-26 13:01:07','Thomas','2021-03-20 16:15:59','Thomas',NULL,0),
  (12,'backend_note','Notiz (im Frontend nicht zu sehen)','<?php\n  if (rex::isBackend()):\n	  echo markitup::parseOutput (\'markdown\', \'REX_VALUE[id=1 output=\"html\"]\');\n?>\n<!-- <p><em>(Diese Notiz ist im Frontend niemals zu sehen.)</em></p> -->\n<?php endif;?>','<fieldset class=\"form-horizontal\">\n  <div class=\"form-group\">\n    <label class=\"col-sm-2 control-label\" for=\"value-1\">VALUE 1</label>\n    <div class=\"col-sm-10\">\n      <textarea class=\"form-control markitupEditor-markdown_full\" id=\"value-1\" name=\"REX_INPUT_VALUE[1]\">REX_VALUE[1]</textarea>\n    </div>\n  </div>\n</fieldset>','2020-10-22 19:15:22','Thomas','2021-03-20 16:15:59','Thomas',NULL,0),
  (13,NULL,'Artikelliste','<?php\n$articleId = $class = $articleName =  $artOutput = \"\";\n\n// Aktuelle Kategorie ermitteln und Artikel auslesen\n$articles = rex_category::getCurrent()->getArticles();\n\n// Prüfen ob das Ergebnis gefüllt ist\nif (is_array($articles) && count($articles) > 0) {\n\n    // Einzelne Artikel auslesen\n    foreach ($articles as $article) {\n\n        if ($article->isOnline()) {\n\n            // Überspringen wenn aktueller Artikel gefunden. (auskommentieren)\n            // if ( $article->getId() == \'REX_ARTICLE_ID\') continue;\n\n            // Aktive CSS-Classe festlegen\n            $class = \'\';\n            if ($article->getId() == \'REX_ARTICLE_ID\') {\n                $class = \"active\";\n            }\n\n            // Überspringen wenn Startartikel gefunden\n            if ($article->isStartArticle()) continue;\n\n            // ID des Artikels ermitteln\n            $articleId = $article->getId();\n\n            // Name des Artikels ermitteln\n            $articleName = $article->getName();\n\n            // Weitere Daten  der Metainfos können wie folgt abgerufen werden:\n            // Beispiel für eine Meta-Info art_Image\n            // $articleImage = $article->getValue(\"art_Image\");\n\n			// Ausgabe erstellen\n			// !!! style not yet cool\n            // $artOutput .= \'<a class=\"list-group-item list-group-item-action \' . $class . \'\" href=\"\' . rex_getUrl($articleId) . \'\">\' . $articleName . \'</a>\' . \"\\n\";\n			\n			// tailwind\n            $artOutput .= \'<li class=\"p-0 \' . $class . \'\"><a class=\"p-3 block \' . $class . \'\" href=\"\' . rex_getUrl($articleId) . \'\">\' . $articleName . \'</a></li>\' . \"\\n\";\n        }\n    }\n\n	// Ausgabe\n	// !!! verwende bootstrap `list-group`, but don\'t forget `list-group-item` and `list-group-item-action`\n	//     for the elements\n    echo \'<ul class=\"catlist bg-gray-100 rounded-md\">\' . $artOutput . \'</ul>\';\n    // echo \'<ul class=\"list-group\">\' . $artOutput . \'</ul>\';\n    unset($articles);\n}','Quellkategorie der Artikel, die aufgelistet werden sollen:\n\n<hr>\ngeplant: Einstellung ob Blog-Daten angezeigt werden sollen. Die Daten (wie Autor, Datum) sind ja immer vorhanden,\nwerden nur nicht angezeigt.','2020-10-22 19:29:05','Thomas','2021-03-20 16:15:59','Thomas',NULL,0),
  (14,'tth_edit_item','Begriff bearbeiten','<?php\n// - check backend login\n// - can be informed by template?\n\n$yform = new rex_yform();\n$yform->setObjectparams(\'form_name\', \'table-tth_wortliste\');\n$yform->setObjectparams(\'form_action\',rex_getUrl(\'REX_ARTICLE_ID\'));\n$yform->setObjectparams(\'form_ytemplate\', \'bootstrap\');\n$yform->setObjectparams(\'form_showformafterupdate\', 0);\n$yform->setObjectparams(\'real_field_names\', true);\n\n$yform->setValueField(\'text\', [\'begriff\',\'Begriff\']);\n$yform->setValueField(\'textarea\', [\'definition\',\'Begriffsdefinition\']);\n$yform->setValueField(\'text\', [\'gnd\',\'GND (Gemeinsame Normdatei)\']);\n$yform->setValueField(\'be_manager_relation\', [\'grobgliederung_beziehung\',\'Beziehung Grobgliederung\',\'tth_wortliste\',\'begriff\',\'3\',\'1\',\'\',\'5\',\'\',\'tth_begriff_grobgliederung\',\'\',\'(PLUS öffnet ein neues Browser-Fenster, dort können mehrere Einträge übernommen werden) \']);\n$yform->setValueField(\'be_manager_relation\', [\'tag_fuer_begriff\',\'Schlagwörter\',\'tth_tags\',\'name\',\'3\',\'0\',\'\',\'3\',\'\',\'tth_begriff_tags\']);\n$yform->setValueField(\'be_manager_relation\', [\'autor_id\',\'Autor\',\'tth_autoren\',\'vorname, \\\' \\\', name\',\'0\',\'0\',\'Du musst einen Autor definieren!\']);\n$yform->setValueField(\'text\', [\'code\',\'Begriffscode\']);\n$yform->setValueField(\'be_manager_relation\', [\'begriffsstatus_id\',\'Begriffsstatus\',\'tth_begriffsstati\',\'status\',\'0\',\'1\']);\n$yform->setValueField(\'textarea\', [\'notes\',\'Scope Notes\']);\n$yform->setValueField(\'be_media\', [\'bild\',\'Bild(er) aus Medienpool\',\'1\',\'1\',\'1\']);\n$yform->setValueField(\'be_manager_relation\', [\'benutze\',\'Beziehung Benutze\',\'tth_wortliste\',\'begriff\',\'2\',\'1\',\'\',\'\',\'\',\'\',\'\',\'(PLUS öffnet ein neues Browser-Fenster, dort 1 Eintrag übernehmen) \']);\n$yform->setValueField(\'be_manager_relation\', [\'beziehung_oberbegriffe\',\'Oberbegriffe\',\'tth_wortliste\',\'begriff\',\'3\',\'1\',\'\',\'3\',\'\',\'tth_begriff_oberbegriffe\',\'\',\'(PLUS öffnet neues Browser-Fenster, dort kannst du mehrere Einträge übernehmen)\']);\n$yform->setValueField(\'be_manager_relation\', [\'beziehung_unterbegriffe\',\'Unterbegriffe\',\'tth_wortliste\',\'begriff\',\'3\',\'1\',\'\',\'7\',\'\',\'tth_begriff_unterbegriffe\',\'\',\'(PLUS öffnet neues Browser-Fenster, dort kannst du mehrere Einträge übernehmen)\']);\n$yform->setValueField(\'be_manager_relation\', [\'beziehung_verwandte\',\'Verwandte Begriffe\',\'tth_wortliste\',\'begriff\',\'3\',\'1\',\'\',\'5\',\'\',\'tth_begriff_verwandte\',\'\',\'(PLUS öffnet neues Browser-Fenster, dort kannst du mehrere Einträge übernehmen)\']);\n$yform->setValueField(\'be_manager_relation\', [\'beziehung_aequivalente\',\'Äquivalente Begriffe\',\'tth_wortliste\',\'begriff\',\'3\',\'1\',\'\',\'5\',\'\',\'tth_begriff_aequivalente\',\'\',\'(PLUS öffnet neues Browser-Fenster, dort kannst du mehrere Einträge übernehmen)\']);\n$yform->setValueField(\'text\', [\'datierung\',\'Datierung\']);\n$yform->setValueField(\'text\', [\'historischer_hintergrund\',\'Historischer Hintergrund\']);\n$yform->setValueField(\'be_manager_relation\', [\'sprache_id\',\'Sprache\',\'tth_sprachen\',\'sprache\',\'0\',\'0\',\'Bitte eine Sprache auswählen!\']);\n$yform->setValueField(\'be_manager_relation\', [\'region_id\',\'Region\',\'tth_regionen\',\'region\',\'0\',\'1\']);\n$yform->setValueField(\'be_manager_relation\', [\'sprachstil_id\',\'Sprachstil\',\'tth_sprachstile\',\'stil\',\'0\',\'1\']);\n$yform->setValueField(\'choice\', [\'kategorie\',\'Eigenschaft Kategorie\',\'ja=TRUE,nein=FALSE\',\'0\',\'0\',\'FALSE\']);\n$yform->setValueField(\'choice\', [\'veroeffentlichen\',\'Veröffentlichen?\',\'ja=TRUE,nein=FALSE\',\'0\',\'0\',\'FALSE\']);\n$yform->setValueField(\'choice\', [\'bearbeiten\',\'Noch Bearbeiten\',\'ja=TRUE,nein=FALSE\',\'0\',\'0\',\'FALSE\']);\n\n$yform->setActionField(\'tpl2email\', [\'emailtemplate\', \'emaillabel\', \'email@domain.de\']);\necho $yform->getForm();','','2021-02-08 13:20:20','Thomas','2021-03-20 16:15:59','Thomas',NULL,0),
  (15,'tth_view_tags','Begriffe für Schlagwort','<?php\n    // !!! should go into my helper class\n    if (!function_exists(\'getFieldById\')) {\n          // best array_find function better than using array_filter which can not stop on find!\n        // function array_search_func(array $arr, $func) {\n        //     foreach ($arr as $key => $v)\n        //         if ($func($v))\n        //             return $key;\n\n        //     return false;\n        // }\n        function getFieldById(array $arr, $id, $fieldName) {\n            foreach ($arr as $key => $v) {\n                if ($v[\'id\'] == $id)\n                return $v[$fieldName];\n            }\n\n            return false;\n        }\n    }\n    \n    if (!isset($sql)) $sql = rex_sql::factory();\n    if (!isset($vm)) $vm = new \\kwd\\tth\\ViewFormatter($sql, \'rex_getUrl\'); \n\n    $tm = $vm->getTableManagerInstance();\n    $tagsArray = $tm->getOuterRelationTableData(\'tags\');\n\n    $tag = \'Schlagwort\';\n\n    if ($tagsArray && count($tagsArray)) {\n        echo \'<p>\' . $vm->getLinkList($tagsArray, \'tag_id\', \'name\') .\'</p>\';\n        // !!! make getLinkListBySubject(\'<subject>\')\n    }\n\n    // tag_id is equal to field name in DB, but is not required, could also be different by convention\n    if (rex_request(\'tag_id\')) {\n        $id = rex_escape(rex_request(\'tag_id\',\'string\'));\n        // for($i=0; $<count($))\n        // echo \"id: $id\";\n        $tag = getFieldById($tagsArray, $id, \'name\');\n\n        $listHtml = $vm->getEntityLinkListForOuterRelation(\'tags\', $id, \"REX_LINK[id=1 output=id]\");\n        if ($listHtml) {\n            // dump($entities);\n            echo \"<h3>Begriffe, die \\\"$tag\\\" enthalten</h3>\";\n            echo \'<p>\'.$listHtml.\'</p>\';\n        }\n        else {\n            echo \"<p>Keine Begriffe mit \\\"$tag\\\" gefunden.\";\n        }\n\n        echo \"<hr><p>Begriffe, bei denen \\\"Kategorie\\\" gesetzt ist</p>\";\n        echo \'<p>\'.$vm->getEntityLinkListByFieldValue(\'is_category\', \'TRUE\', \"REX_LINK[id=1 output=id]\").\'</p>\';\n    }\n  ?>','<p>Zielseite für <b>Detailansicht</b> der Begriffe:</p>\nREX_LINK[id=1 widget=1]\n<p>Ausgabe erzeugt:</p>\n<ul>\n<li>eine Liste aller Schlagwörter, wenn keine ID \"tag_id\" in URL gefunden,</li>\n<li>eine Liste aller Entitäten für ein Schlagwort, definiert durch \"tag_id\"</li> \n</ul>','2021-02-08 16:38:49','Thomas','2021-03-20 16:15:59','Thomas',NULL,0),
  (16,'tth_view_hierarchy','Hierachie der Begriffe','<?php\n	// !!! all functions into model/viewmodel classes\n\n	if (!function_exists(\'addNewPathElement\')) {\n		function addNewPathElement($id, $path, &$paths) {\n			$paths[] = array( \'id\' => $id, \'path\' => $path);\n		}\n	}\n	\n	if(!function_exists(\'tth_foundInUnterbegriffe\')) {\n		function tth_foundInUnterbegriffe($id, &$subs) {\n			// ! don\'t use foreach due to return in loop\n			for($i = count($subs) - 1; $i >= 0; $i--) {\n				$s = $subs[$i];\n				if ($s[\'unterbegriff_id\'] == $id) {\n					return true;\n				}\n			}\n\n			return false;\n		}\n	}\n\n	if (!function_exists(\'tth_getEntity\')) {\n		function tth_getEntity($id, &$entities) {\n			// ! don\'t use foreach due to return in loop\n			for($i = 0; $i < count($entities); $i++) {\n				$e = $entities[$i];\n				if ($id == $e[\'id\']) {\n					return array(\'id\' => $id, \'begriff\' => $e[\'begriff\']);\n				}\n			}\n\n			return array (0 => \'(Fehler: id #\'.$id.\' nicht gefunden) \');\n		}\n	}\n\n	if (!function_exists(\'sortEntities\')) {\n		function sortEntities($a, $b) {\n			if ($a[\'begriff\'] == $b[\'begriff\']) return 0;\n			if ($a[\'begriff\'] > $b[\'begriff\']) return 1;\n			return -1;\n		}\n	}\n\n	// would be cleaner to return array!\n	if (!function_exists(\'tth_getSubs\')) {\n		function tth_getSubs($id, &$supers, &$subs, &$entities, &$paths, $path, $detailsId, $iteration) {\n			$ret = \'\';\n\n			// !!! make max. possible depth *editable*\n			if ($iteration > 10) {\n				return \'Fehler: Zirkuläre Beziehung\';\n			}\n\n			$iteration += 1;\n			$children = array();\n\n			// direct ones:\n			foreach($subs as $sub) {\n				if ($id == $sub[\'begriff_id\']) {\n					$children[] = tth_getEntity($sub[\'unterbegriff_id\'], $entities); \n				}\n			}\n\n			// indirect ones: 			\n			foreach($supers as $super) {\n				if ($id == $super[\'oberbegriff_id\']) {\n					$children[] = tth_getEntity($super[\'begriff_id\'], $entities); \n				}\n			}\n\n			// store path\n			// !!! problem: multiple set of entries - only because multiple \"oberbegriffe\" or inherent problem?\n			if ($path) {\n				$path .= \',\' . $id;\n				// we set only those who have path > 1\n				addNewPathElement($id, $path, $paths);\n			}\n			else {\n				$path = strval($id);\n			}\n\n			if (count($children)) {\n				$checkArray = array();\n				$cleanedChildren = array();\n				foreach($children as $c) {\n					if (false === array_search($c[\'id\'], $checkArray)) {\n						$checkArray[] = $c[\'id\'];\n						$cleanedChildren[] = $c;\n					}\n				}\n				uasort($cleanedChildren,\'sortEntities\');\n				\n				$ret .= \'<ul>\';\n				foreach($cleanedChildren as $key => $child) {\n					if ($child[\'id\'] == $id) {\n						$ret .= \'Fehler: Selbstbezug\';\n					}\n					else {\n						$ret .= \'<li><a href=\"\'.rex_getUrl($detailsId,\'\', array(\'begriff_id\' => $child[\'id\'])).\'\">\'.$child[\'begriff\'].\'</a></li>\';\n						\n						// ! recursion\n						// !!! we must count iterations for break if circular dependency!!!\n						$ret .= tth_getSubs($child[\'id\'], $supers, $subs, $entities, $paths, $path, $detailsId, $iteration);\n					}\n				}\n				\n				$ret .= \'</ul>\';\n			}\n\n			return $ret;\n		}\n	}\n\n	$detailsArticleId = \'REX_LINK[id=1 output=id]\';\n	if (!$detailsArticleId) $detailsArticleId = rex_article::getSiteStartArticle()->getId();\n\n	if (rex::isBackend()) {\n		// !!! make general function for \"backend-page link\"\n		?>\n		<p>Ziel-Artikel für Detailansicht: <strong>REX_LINK[id=1 output=name]</strong> (ID REX_LINK[id=1 output=id])</p>\n		<?php\n	}\n\n	// !!! how pack in function? not possible\n    if (!isset($sql)) $sql = rex_sql::factory();\n	if (!isset($vm)) $vm = new \\kwd\\tth\\ViewFormatter($sql, \'rex_getUrl\');\n\n    // !!! how to store facet id in DB as value, maybe we need a \"config table\"\n    $facetArray = $sql->getArray(\"SELECT id, begriff FROM tth_wortliste WHERE begriffsstatus_id = 8\");\n    $num = count($facetArray);\n    if (!$num) $num = 0; // in case $facetArray === false;\n\n    // !!! since *all* entities follow the hierarchy we could load ALL entities,\n    //     and all oberbegriffe/unterbegriffe relations to have it \n    $facetId = rex_escape(rex_request(\'facette_id\', \'integer\'));\n    if ($facetId) {\n        $facetName = \'\';\n        foreach($facetArray as $f) {\n            if ($f[\'id\'] == $facetId) {\n                $facetName = $f[\'begriff\'];\n                break;\n            }\n        }\n\n        $allOberbegriffeDirectly = $sql->getArray(\n            \"SELECT b.begriff,b.id FROM tth_begriff_oberbegriffe o JOIN tth_wortliste b ON b.id = o.begriff_id WHERE oberbegriff_id = $facetId\"\n        );\n\n        if (count($allOberbegriffeDirectly)) {\n            echo \"Begriffe für Facette (direkte Nachfahren) \\\"<strong>$facetName</strong>\\\":<br>\";\n            echo $vm->getLinkList($allOberbegriffeDirectly,\'begriff_id\', \'begriff\', $detailsArticleId);\n        }\n        else {\n            echo \"Keine direkten Nachfahren für Facette \\\"<strong>$facetName</strong>\\\".\";\n        }\n\n    }\n    else {\n        echo \"<b>Facetten</b> ($num):<br>\";\n        echo $vm->getLinkList($facetArray, \'facette_id\',\'begriff\');\n    }\n\n	?>\n	<hr>\n	<?php\n	// !!! directly write select results as other table entries (inside SQL) for building tree\n	//     - too complicated without logic in PHP\n\n	// works:\n	// $allOberbegriffe = $sql->getArray(\"SELECT begriff_id, oberbegriff_id FROM tth_begriff_oberbegriffe\");\n	// $allUnterBegriffe = $sql->getArray(\"SELECT begriff_id, unterbegriff_id FROM tth_begriff_unterbegriffe\");\n\n	// entities which have no \"oberbegriffe\", needed later \n	$allRootParents = $vm->getTableManagerInstance()->getEntitiesForUnsetRelation(\'entity_supers\');\n\n	$warnText = \'<p>Es wurden \'.count($allRootParents).\' Entitäten ohne Oberbegriff gefunden.</p>\';	\n	$warnText .= \'<p>Es  wurden\'.count($vm->getTableManagerInstance()->getEntitiesForUnsetRelation(\'entity_subs\')).\' Entitäten ohne Unterbegriff gefunden.</p>\';\n	$warnText .= \'<p>Die 2. Zahl ist weniger aussagekräftig, da es mehr Unterbegriff-Beziehungen gibt, die bereits durch Oberbegriff-Beziehungen indirekt ausgedrückt sind.</p>\';\n\n	echo rex_view::warning($warnText);\n\n	// ! need all because eventually all entities are in hierarchy\n	$alleBegriffe = $sql->getArray(\"SELECT id, begriff FROM tth_wortliste WHERE 1\");\n	$oberbegriffe = $sql->getArray(\"SELECT * FROM tth_begriff_oberbegriffe WHERE 1 ORDER BY begriff_id\");\n	$unterbegriffe = $sql->getArray(\"SELECT * FROM tth_begriff_unterbegriffe WHERE 1 ORDER BY begriff_id\");\n	$paths = array();\n\n	// must build all as arrays of arrays \n	$entry = [\n		\'id\' => 645,\n		\'begriff\' => \'Abbund\',\n		\'children\' => [], // array of entries\n		\'message\' => \'\' // for error messages e.g. Selbstbezug\n	];\n\n	$html = \'<ul>\';	\n	foreach($allRootParents as $parent) {\n		// - remove those which have been detected to be a unterbegriff of something\n		if (!tth_foundInUnterbegriffe($parent[\'id\'], $unterbegriffe)) {\n			$subs = tth_getSubs($parent[\'id\'], $oberbegriffe, $unterbegriffe, $alleBegriffe, $paths, \'\', $detailsArticleId, 0);\n			if ($subs) {\n				$html .= \'<li><a href=\"\'.rex_getUrl($detailsArticleId, \'\', array (\'begriff_id\' => $parent[\'id\'])).\'\">\'.$parent[\'begriff\'];\n				// $html .= \' (in unterbegriffen gefunden)\';\n				$html .= \'</a>\';\n				$html .= $subs;\n				$html .= \'</li>\';\n			}\n		}\n	}\n	$html .= \'</ul>\';\n\n	echo $html;\n\n	// dump(count($paths));\n	// !!! multiple path are a problem of multiple oberbegriffe per entity\n	//     - and not of paths algo\n	\n	// ! check $paths for multiple entries\n	// $checkPaths = array();\n	// $cleanedPaths = array();\n	// foreach($paths as $p) {\n	// 	if (false === array_search($p[\'id\'], $checkPaths)) {\n	// 		$checkPaths[] = $p[\'id\'];\n	// 		$cleanedPaths[] = $p;\n	// 	}\n	// 	else {\n	// 		// echo \"found multiple entry: \".$p[\'id\'].\"<br>\";\n	// 	}\n	// }\n	// dump(count($cleanedPaths));\n	// $searchEntity = 651;\n	// !!! can only be written inside class??\n	// !!! or simply make filter function for your own\n	if (!function_exists(\'filter_tthBegriffe\')) {\n		function filter_tthBegriff($e) {\n			// global $searchEntity;\n			if ($e[\'id\'] == 651) return true;\n			return false;\n		}\n	}\n\n	// test filter:\n	$filterPaths = array_filter($paths, \'filter_tthBegriff\');\n	// dump($filterPaths);\n\n	// calculate path when begriff_id given:\n	$currentId = rex_escape(rex_request(\'begriff_id\'));\n	if ($currentId) {\n		echo \"akt Begriff: $currentId\";\n	}\n?>\n','<p>Artikel, der Detailansicht der <em>Begriffe</em> enthält:</p>\nREX_LINK[id=1 widget=1]','2021-02-12 10:15:37','Thomas','2021-03-21 21:46:14','Thomas',NULL,0),
  (17,'tth_glossar','Glossar','<?php\n	if (!isset($sql)) $sql = rex_sql::factory();\n	if (!isset($vm)) $vm = new \\kwd\\tth\\ViewFormatter($sql, \'rex_getUrl\'); \n	$entries = $vm->getTableManagerInstance()->getAllEntries(\'glossar\', true, true);\n?>\n\n<?php \n	// !!! even better: output in grid system: only stacked when small screens - also better to prevent huge text lines in large screens\n\n	// !!! how request field names from TableManager?\n?> \n<?php foreach($entries as $e): ?>\n	<hr>\n	<a id=\"<?=rex_escape($e[\'Anker\'])?>\"></a>\n	<h4><?=$e[\'wort\']?></h4>\n	<p>\n	<?php\n		// ! different to implementation used at definition\n		if (!rex_addon::get(\'markitup\')->isAvailable()) {\n			echo $e[\'beschreibung\'];\n		}\n		else {\n			// !\n			$firstStage = str_replace(\"\\n\",\'<br>\',markitup::parseOutput (\'markdown\', htmlspecialchars($e[\'beschreibung\'])));\n			echo str_replace(\'<br><\',\'<\',$firstStage);\n		}\n	?>\n	</p>\n<?php endforeach; ?>','Keine Einstellungen. Einfach hinzufügen!','2021-02-22 18:30:05','Thomas','2021-03-22 13:38:38','Thomas',NULL,0);
/*!40000 ALTER TABLE `rex_module` ENABLE KEYS */;
UNLOCK TABLES;

DROP TABLE IF EXISTS `rex_module_action`;
CREATE TABLE `rex_module_action` (
  `id` int unsigned NOT NULL AUTO_INCREMENT,
  `module_id` int unsigned NOT NULL,
  `action_id` int unsigned NOT NULL,
  `revision` int unsigned NOT NULL,
  PRIMARY KEY (`id`)
) ENGINE=InnoDB DEFAULT CHARSET=utf8mb4 COLLATE=utf8mb4_unicode_ci;
DROP TABLE IF EXISTS `rex_redactor2_profiles`;
CREATE TABLE `rex_redactor2_profiles` (
  `id` int unsigned NOT NULL AUTO_INCREMENT,
  `name` varchar(191) NOT NULL,
  `description` text NOT NULL,
  `urltype` varchar(191) NOT NULL,
  `externalurltarget` text NOT NULL,
  `minheight` int NOT NULL,
  `maxheight` int NOT NULL,
  `characterlimit` int NOT NULL,
  `toolbarfixed` tinyint(1) NOT NULL,
  `shortcuts` tinyint(1) NOT NULL,
  `linkify` tinyint(1) NOT NULL,
  `imagetag` text NOT NULL,
  `redactor_plugins` text NOT NULL,
  `redactor_customplugins` text NOT NULL,
  PRIMARY KEY (`id`)
) ENGINE=InnoDB AUTO_INCREMENT=3 DEFAULT CHARSET=utf8;

LOCK TABLES `rex_redactor2_profiles` WRITE;
/*!40000 ALTER TABLE `rex_redactor2_profiles` DISABLE KEYS */;
INSERT INTO `rex_redactor2_profiles` VALUES 
  (1,'full','Standard Redactor-Konfiguration','relative','',300,800,0,0,0,0,'','alignment,blockquote,bold,cleaner,clips[Snippetname1=Snippettext1|Snippetname2=Snippettext2],deleted,emaillink,externallink,fontcolor[Weiss=#ffffff|Schwarz=#000000],fontfamily[Arial|Times],fontsize[12px|15pt|120%],fullscreen,groupheading[1|2|3|4|5|6],grouplink[email|external|internal|media],grouplist[unorderedlist|orderedlist|indent|outdent],heading1,heading2,heading3,heading4,heading5,heading6,horizontalrule,internallink,italic,media,medialink,orderedlist,paragraph,properties,redo,source,styles[code=Code|kbd=Shortcut|mark=Markiert|samp=Sample|var=Variable],sub,sup,table,textdirection,underline,undo,unorderedlist',''),
  (2,'demo','Redactor-Konfiguration für die Demo','relative','',300,800,0,1,1,0,'','groupheading[1|2|3|4|5|6],alignment,bold,italic,unorderedlist,orderedlist,blockquote,table,grouplink[email|external|internal|media],horizontalrule,cleaner,fullscreen,properties,source','');
/*!40000 ALTER TABLE `rex_redactor2_profiles` ENABLE KEYS */;
UNLOCK TABLES;

DROP TABLE IF EXISTS `rex_sprog_wildcard`;
CREATE TABLE `rex_sprog_wildcard` (
  `pid` int unsigned NOT NULL AUTO_INCREMENT,
  `id` int unsigned NOT NULL,
  `clang_id` int unsigned NOT NULL,
  `wildcard` varchar(255) DEFAULT NULL,
  `replace` text,
  `createuser` varchar(255) NOT NULL,
  `updateuser` varchar(255) NOT NULL,
  `createdate` datetime NOT NULL,
  `updatedate` datetime NOT NULL,
  `revision` int unsigned NOT NULL,
  PRIMARY KEY (`pid`)
) ENGINE=InnoDB AUTO_INCREMENT=19 DEFAULT CHARSET=utf8;

LOCK TABLES `rex_sprog_wildcard` WRITE;
/*!40000 ALTER TABLE `rex_sprog_wildcard` DISABLE KEYS */;
INSERT INTO `rex_sprog_wildcard` VALUES 
  (1,1,1,'more_info','Mehr Informationen','admin','admin','2016-05-30 19:54:56','2016-05-30 19:54:56',0),
  (2,1,2,'more_info','More Information','admin','admin','2016-05-30 19:54:56','2016-05-30 19:58:27',0),
  (3,2,1,'form_firstname','Vorname','admin','admin','2016-05-30 20:03:22','2016-05-30 20:03:22',0),
  (4,2,2,'form_firstname','First name','admin','admin','2016-05-30 20:03:22','2016-05-30 20:36:52',0),
  (5,3,1,'form_error_firstname','Bitte Vornamen angeben','admin','admin','2016-05-30 20:34:44','2016-05-30 20:34:44',0),
  (6,3,2,'form_error_firstname','Please fill in your first name','admin','admin','2016-05-30 20:34:44','2016-05-30 20:47:13',0),
  (7,4,1,'form_lastname','Nachname','admin','admin','2016-05-30 20:35:48','2016-05-30 20:35:48',0),
  (8,4,2,'form_lastname',' Last name','admin','admin','2016-05-30 20:35:48','2016-05-30 20:46:38',0),
  (9,5,1,'form_error_lastname','Bitte Nachnamen angeben','admin','admin','2016-05-30 20:36:01','2016-05-30 20:36:01',0),
  (10,5,2,'form_error_lastname','Please fill in your last name','admin','admin','2016-05-30 20:36:01','2016-05-30 20:47:28',0),
  (11,6,1,'form_message','Nachricht','admin','admin','2016-05-30 20:36:09','2016-05-30 20:36:09',0),
  (12,6,2,'form_message','Message','admin','admin','2016-05-30 20:36:09','2016-05-30 20:46:48',0),
  (13,7,1,'form_error_message','Bitte Nachricht angeben','admin','admin','2016-05-30 20:36:21','2016-05-30 20:36:21',0),
  (14,7,2,'form_error_message','Please fill in your message','admin','admin','2016-05-30 20:36:22','2016-05-30 20:47:45',0),
  (15,8,1,'form_send','Nachricht senden','admin','admin','2016-05-30 20:36:29','2016-05-30 20:49:02',0),
  (16,8,2,'form_send','Send message','admin','admin','2016-05-30 20:36:30','2016-05-30 20:46:26',0),
  (17,9,1,'languages','Sprachen','admin','admin','2016-06-01 23:26:33','2016-06-01 23:26:33',0),
  (18,9,2,'languages','Sprachen','admin','admin','2016-06-01 23:26:33','2016-06-01 23:26:33',0);
/*!40000 ALTER TABLE `rex_sprog_wildcard` ENABLE KEYS */;
UNLOCK TABLES;

DROP TABLE IF EXISTS `rex_template`;
CREATE TABLE `rex_template` (
  `id` int unsigned NOT NULL AUTO_INCREMENT,
  `key` varchar(191) CHARACTER SET utf8mb4 COLLATE utf8mb4_unicode_ci DEFAULT NULL,
  `name` varchar(255) CHARACTER SET utf8mb4 COLLATE utf8mb4_unicode_ci DEFAULT NULL,
  `content` mediumtext CHARACTER SET utf8mb4 COLLATE utf8mb4_unicode_ci,
  `active` tinyint(1) DEFAULT NULL,
  `createdate` datetime NOT NULL,
  `createuser` varchar(255) CHARACTER SET utf8mb4 COLLATE utf8mb4_unicode_ci NOT NULL,
  `updatedate` datetime NOT NULL,
  `updateuser` varchar(255) CHARACTER SET utf8mb4 COLLATE utf8mb4_unicode_ci NOT NULL,
  `attributes` text CHARACTER SET utf8mb4 COLLATE utf8mb4_unicode_ci,
  `revision` int NOT NULL,
  PRIMARY KEY (`id`),
  UNIQUE KEY `key` (`key`)
) ENGINE=InnoDB AUTO_INCREMENT=4 DEFAULT CHARSET=utf8mb4 COLLATE=utf8mb4_unicode_ci;

LOCK TABLES `rex_template` WRITE;
/*!40000 ALTER TABLE `rex_template` DISABLE KEYS */;
INSERT INTO `rex_template` VALUES 
  (1,NULL,'Default','<?php\n    // set var if user active\n    $templateAllowed = true;\n    // include bootstrap\n    // $navTemplate = new rex_template(\'mkb_basis\');  // id des Basis-Template hart codiert!\n	// include $navTemplate->getFile();\n	$isBlog = false;\n?>\nREX_TEMPLATE[key=tth_basis] ',1,'2020-10-29 16:33:31','Thomas','2021-03-20 16:15:59','Thomas','{\"ctype\":[],\"modules\":{\"1\":{\"all\":\"1\"}},\"categories\":{\"all\":\"1\",\"0\":\"1\",\"1\":\"4\",\"2\":\"5\",\"3\":\"6\",\"4\":\"7\",\"5\":\"8\",\"6\":\"9\",\"7\":\"11\",\"8\":\"2\",\"9\":\"3\",\"10\":\"10\",\"11\":\"12\",\"12\":\"19\"}}',0),
  (2,'tth_basis','Basis','<?php\n    // $urlBase = rex_url::base();\n    // Gibt eine URL im Ordner \"theme/public/assets\" zurück.\n    // in contrast to yrewrite theme does not give trailing slash\n    // $assetsUrlBase = theme_url::assets() .\'/\';\n	// -- also there: theme_url::base()\n	\n	//    it comes from an YForm block\n	//     could be stuffed into module which is then added to the \n	// !!! just remove when new converting not needed anymore\n	function convertCallback() {		\n		$formData = rex_request(\'FORM\');\n		$fieldFromForm = strtolower($formData[\'formular\'][0]);\n		if ($fieldFromForm) {\n			if (!isset($sql)) $sql = rex_sql::factory();\n			if (!isset($vm)) $vm = new \\kwd\\tth\\ViewFormatter($sql, \'rex_getUrl\'); \n			$vm->getTableManagerInstance()->convertRelationTable($fieldFromForm);\n		}\n\n		// !!! evaluation for the texts below with resultSet returned by `convertRelationTable`\n\n		// switch ($fieldFromForm) {\n		// 	case \'nd_beleg quellen\':\n		// 		$sourceField = \'quellen_idlist\';\n		// 		$targetTable = \'tth_begriff_quellen\';\n		// 		$targetIdField = \'quelle_id\';\n		// 		break;\n		// 	case \'oberbegriffe\':\n		// 		$sourceField = \'oberbegriffe\';\n		// 		$targetTable = \'tth_begriff_oberbegriffe\';\n		// 		$targetIdField = \'oberbegriff_id\';\n		// 		break;\n		// 	case \'unterbegriffe\':\n		// 		$sourceField = \'unterbegriffe\';\n		// 		$targetTable = \'tth_begriff_unterbegriffe\';\n		// 		$targetIdField = \'unterbegriff_id\';\n		// 		break;\n		// 	case \'aequivalente begriffe\':\n		// 		$sourceField = \'aequivalent\';\n		// 		$targetTable = \'tth_begriff_aequivalente\';\n		// 		$targetIdField = \'aequivalent_id\';\n		// 		break;\n		// 	case \'verwandte begriffe\':\n		// 		$sourceField = \'verwandte_begriffe\';\n		// 		$targetTable = \'tth_begriff_verwandte\';\n		// 		$targetIdField = \'verwandter_id\';\n		// 		break;\n		// 	case \'grobgliederung\':\n		// 		$sourceField = \'grobgliederung\';\n		// 		$targetTable = \'tth_begriff_grobgliederung\';\n		// 		$targetIdField = \'grobgliederung_id\';\n		// 		break;\n		// 	default:\n		// 		$sourceField = \'\';\n		// 		$targetTable = \'\';\n		// 		$targetIdField = \'\';\n		// 	break;\n		// }\n	\n		// // when \'default\' -- can easily happen when form changed in structure content form module\n		// if ($sourceField) {\n		// 	$sql = rex_sql::factory();\n\n		// 	// $query = \'TRUNCATE \'.$targetTable;\n		// 	// $sql->setQuery($query);\n		\n		// 	// !!! for a new operation you must be sure the last one is ready (maybe asynch!!)\n\n		// 	// - begriff field only for control outputs\n		// 	$query = \'SELECT id,begriff,\'.$sourceField.\' FROM tth_wortliste WHERE 1\';\n		// 	// $query = \'SELECT id,begriff,grobgliederung FROM tth_wortliste WHERE grobgliederung LIKE \"%;%\"\';\n		// 	$rows = $sql->getArray($query);\n			\n		// 	$insertList = \'\';\n		// 	$count = 0;\n		// 	$insertCount = 0;\n		// 	foreach($rows as $row) {\n		// 		if(trim($row[$sourceField])) {\n		// 			$count++;\n		// 			$nodes = explode(\';\',$row[$sourceField]);\n		// 			// - don\'t need NULL check for $nodes\n		// 			foreach($nodes as $node) {\n		// 				if (trim($node)) {\n		// 					$insertList .= \'(\'.$row[\'id\'].\',\'.$node.\"),\\n\";\n		// 					$insertCount++;\n		// 				}\n		// 			}\n		// 		}\n		// 	}\n\n		// 	// remove last comma!\n		// 	$insertList = substr($insertList,0,strrpos($insertList,\',\'));\n		// 	// dump($insertList);\n		// 	// echo $insertList;\n		// 	$query = \'INSERT INTO \'.$targetTable.\' (begriff_id, \'.$targetIdField.\') VALUES \'.$insertList;\n		// 	echo \'<h3>SQL-Befehl</h3><p>\'.$query.\'</p>\';\n\n		// 	// $sql->setQuery($query);\n\n		// 	echo \'<div class=\"alert alert-success\" role=\"alert\">\n		// 		<p>\n		// 		Quell-Feld: \'.$fieldFromForm.\'<br>\n		// 		Ziel-ID-Feld: \'.$targetIdField.\'<br>\n		// 		Betroffene Datensätze: \'.$count.\' von \'.count($rows).\'</p>\n		// 		<p>\'.$insertCount.\' Einträge in Tabelle <strong>\'.$targetTable.\'</strong> neu geschrieben (vorige Einträge bestehen weiterhin zusätzlich!).</p>\n		// 		</div>\';\n		// 	echo \'<div class=\"alert alert-warning\" role=\"alert\">\n		// 	<p>\n		// 	Der eigentliche Schreibvorgang ist aus Sicherheitsgründen <em>deaktiviert</em>. Die DB wurde nicht verändert.\n		// 	</p></div>\';\n		// }\n		// else {\n		// 	echo \'<div class=\"alert alert-primary\" role=\"alert\">\n		// 		<p>Ungültige Auswahl. Überprüfe das Eingabe-Formular!</p>\n		// 		</div>\';\n		// }\n	}\n\n	\n	// setup\n	///////////////////////////////////////////////////////////////////////////////\n\n	// ! sets 6 as default only if no config found\n	// - will be stored and restored with DB export/import\n	// - can be adjusted in installation (but where communicated to ther admins?)\n	// - cool thing: rex_config is *cached*\n	// !!! make utility function in theme lib\n	// !!! make *module* \"system settings\" which can be used to adjust values (which are put to config on save)\n	// !!! check how or if theme addon can produce backend pages for settings\n	//     !!! easier to use project addon then! \n	$detailsArticleId = rex_config::get(\'tth\', \'article_entity_details\');\n	if (!$detailsArticleId) {\n		$detailsArticleId = 6;\n		rex_config::set(\'tth\',\'article_entity_details\',$detailsArticleId);\n	}\n\n	$imprintArticleId = rex_config::get(\'tth\', \'article_imprint\');\n	if (!$imprintArticleId) {\n		$imprintArticleId = 19;\n		rex_config::set(\'tth\',\'article_imprint\',$imprintArticleId);\n	}\n\n	// central search form PRE-send\n	///////////////////////////////////////////////////////////////////////////////\n\n	if (!isset($sql)) $sql = rex_sql::factory();\n	if (!isset($vm)) $vm = new \\kwd\\tth\\ViewFormatter($sql, \'rex_getUrl\'); \n\n	$rows = $vm->getTableManagerInstance()->getAllEntries(\'entities\');	\n	$completeWordList = \'\';\n	foreach($rows as $k => $v) {\n		$completeWordList .= \'\"\'. $v[\'begriff\'] .\'\", \';\n	}\n\n	if (rex_backend_login::createUser()) {\n		$user =  rex::getuser();\n		$login = $user->getValue(\"login\");\n		if ($user->isAdmin()) {\n			$userLevel = 3;\n		}\n		else {\n			$userLevel = 2;\n		}\n	}\n	else {\n		$login = \'\';\n		$user = null;\n		$userLevel = 1;\n	}\n\n	function my_title_filter($ep) {\n        // den aktuellen Inhalt auslesen\n        $subject = $ep->getSubject();\n		// // find \"entity marker\" (first match)\n		if (preg_match(\'#{{{(.*?)}}}#u\',$subject, $matches)) {\n			// dump($matches);	\n			if (isset($matches[1]) && $matches[1]) {\n				// not modifier \'U\' but always \'?\' for ungreedy! - don\'t confuse with \'u\' (minuscle)\n				return preg_replace(\'#<title>.*?</title>#iu\',\'<title>\'.$matches[1].\' - TTH</title>\',$subject);\n			}\n		}\n\n		return $subject;\n	}\n\n	// FILTER\n	// - currently title for entities\n	rex_extension::register(\'OUTPUT_FILTER\', \'my_title_filter\', rex_extension::NORMAL);    \n\n	?><!doctype html>\n<html lang=\"en\">\n  <head>\n    <meta charset=\"utf-8\">\n    <meta name=\"viewport\" content=\"width=device-width, initial-scale=1, shrink-to-fit=no\">\n\n	<?php // tailwind cannot bring benefit to th styling in this project!\n	// <!-- <link href=\"https://unpkg.com/tailwindcss@^1.0/dist/tailwind.min.css\" rel=\"stylesheet\"> -->\n	?>\n	\n	<link rel=\"stylesheet\" href=\"https://cdn.jsdelivr.net/npm/bootstrap@4.6.0/dist/css/bootstrap.min.css\" integrity=\"sha384-B0vP5xmATw1+K9KRQjQERJvTumQW0nPEzvF6L/Z6nronJ3oUOFUFpCjEUQouq2+l\" crossorigin=\"anonymous\">\n	<!-- <link rel=\"stylesheet\" href=\"https://cdn.jsdelivr.net/npm/bootstrap@4.5.3/dist/css/bootstrap.min.css\" integrity=\"sha384-TX8t27EcRE3e/ihU7zmQxVncDAy5uIKz4rEkgIXeMed4M0jlfIDPvg6uqKI2xXr2\" crossorigin=\"anonymous\"> -->\n\n    <link rel=\"icon\" type=\"image/png\" sizes=\"32x32\" href=\"<?=theme_url::assets(\'tth-logo.png\')?>\">\n    \n	<link rel=\"stylesheet\" href=\"<?=theme_url::assets(\'vendor/jquery.auto-complete.css\')?>\">\n	<link rel=\"stylesheet\" href=\"<?=theme_url::assets(\'global.css\')?>?v=1.3.01\">\n\n    <title><?=$this->getValue(\'name\')?> - TTH</title>\n\n  </head>\n  <body>\n		<nav class=\"navbar navbar-expand-lg navbar-light bg-light\">\n			<?php if(rex_article::getSiteStartArticle()->getId() !== rex_article::getCurrent()->getId()): ?>\n			<a class=\"navbar-brand\" href=\"<?=rex_getUrl(rex_article::getSiteStartArticle()->getId())?>\"><img class=\"logo-graphics\" src=\"<?=theme_url::assets(\'tth-logo.png\')?>\" alt=\"Logo mit übereinanderliegenden Buchstaben TTH, in Braun und Schwarz\" width=\"55\" height=\"55\" > {{ProjektTitel}}</a>\n			<?php endif; ?>\n			<button class=\"navbar-toggler\" type=\"button\" data-toggle=\"collapse\" data-target=\"#navbarSupportedContent\" aria-controls=\"navbarSupportedContent\" aria-expanded=\"false\" aria-label=\"Toggle navigation\">\n		    	<span class=\"navbar-toggler-icon\"></span>\n  			</button>\n\n		  <div class=\"collapse navbar-collapse\" id=\"navbarSupportedContent\">\n\n			<ul class=\"navbar-nav ml-auto\">\n\n				<?php\n				$path = rex_article::getCurrent()->getPathAsArray();\n				$path1 = ((!empty($path[0])) ? $path[0] : \'\');\n				$path2 = ((!empty($path[1])) ? $path[1] : \'\');\n				\n					foreach (rex_category::getRootCategories() as $lev1) {\n						if ($lev1->isOnline(true) && intval($lev1->getValue(\'cat_backenduser\')) <= $userLevel) {\n				\n							// zweite Ebene, muss man schon fuer li wissen\n							$lev1Size = sizeof($lev1->getChildren());\n\n							$active = ($lev1->getId() == $path1) ? \'active\' : \'\';\n							$dropdown = ($lev1Size != \"0\") ? \'dropdown\' : \'\';\n							echo \'<li class=\"nav-item \'.$active.\' \'.$dropdown.\'\">\';\n							if ($dropdown) {\n								echo \'<a class=\"nav-link dropdown-toggle\" href=\"#\" id=\"navbarDropdown\" role=\"button\" data-toggle=\"dropdown\" aria-haspopup=\"true\" aria-expanded=\"false\">\'.htmlspecialchars($lev1->getValue(\'catname\')).\'</a>\';\n							}\n							else {\n								echo \'<a class=\"nav-link\" href=\"\'.$lev1->getUrl().\'\">\'.htmlspecialchars($lev1->getValue(\'catname\')).\'</a>\';\n							}\n				\n							// Soll nur der jeweils aktive Kategoriebaum erscheinen?\n							// Dann die folgende Zeile auskommentieren:\n							// if ($lev1->getId() == $path1) {\n				\n							if ($lev1Size != \"0\") {\n				\n								// echo \'<ul>\';\n								echo \'<div class=\"dropdown-menu dropdown-menu-right\" aria-labelledby=\"navbarDropdown\">\';\n				\n									foreach ($lev1->getChildren() as $lev2) {\n										// !!! make function `checkUser($lev2->getValue(\'cat_backenduser\'))`\n										if ($lev2->isOnline(true)  && intval($lev2->getValue(\'cat_backenduser\')) <= $userLevel ) {\n				\n											$active = ($lev2->getId() == $path2) ? \'active\' : \'\';\n											echo \'<a class=\"dropdown-item \'.$active.\'\" href=\"\'.$lev2->getUrl().\'\">\'.htmlspecialchars($lev2->getValue(\'catname\')).\'</a>\';\n										}\n									}\n				\n								// echo \'</ul>\';\n								echo \'</div>\';\n				\n							}\n				\n							// Soll nur der jeweils aktive Kategoriebaum erscheinen?\n							// Dann die folgende Zeile auskommentieren:\n							// }\n				\n							echo \'</li>\';\n						}\n					}\n				\n\n				// $nav = rex_navigation::factory();\n				// // public function show($category_id = 0, $depth = 3, $open = false, $ignore_offlines = false)\n				// $nav->show(0,3,true,true);\n				?>\n			</ul>\n\n			\n			<form name=\"searchForm\" class=\"form-inline my-2 my-lg-0\" action=\"<?=rex_getUrl($detailsArticleId)?>\" method=\"get\">\n			<input id=\"wordlistsearch\" class=\"form-control mr-sm-2\" name=\"wordlistsearch\" type=\"search\" placeholder=\"Wort(teil)\" aria-label=\"Wort\">\n			<button class=\"btn btn-outline-success my-2 my-sm-0\" type=\"submit\">Suchen</button>\n			</form>\n		</div>\n	</nav>\n\n\n	<div class=\"header-login\">\n		<?php\n			// ! use later again \n			if ($login):\n				echo \"im Backend eingeloggt als: $login\";\n\n			// ! no else branch => redaxo login invisible\n			// else:\n			// 	<!-- <a href=\"/redaxo/\">Login</a> -->\n			endif;\n		?>\n	</div>\n\n	<div class=\"container main-container\">\n\n		<!-- this only start page -->\n		<?php \n		if (rex_article::getSiteStartArticle()->getId() === rex_article::getCurrent()->getId()): ?>\n		<div class=\"project-logo\">\n			<!-- <a href=\"<?=rex_getUrl(rex_article::getSiteStartArticle()->getId())?>\"> -->\n				<img class=\"logo-graphics\" src=\"<?=theme_url::assets(\'tth-logo.png\')?>\" >\n				<span class=\"project-title\">{{ProjektTitel}}</span>\n			<!-- </a> -->\n		</div>\n		<?php endif; ?>\n\n		<h1><?php echo $this->getValue(\'name\')?></h1>\n\n		<?php \n			// ! convention every module must be aware to be inside the main container and should always provide rows and cols\n			if ($isBlog):				\n				// !!! better compose template like in community demo or other modern redaxo demos\n				//     - header + default content\n				//     - blog stuff (commenting)\n				//     - footer\n\n				$art = rex_article::getCurrent();\n				$sql = rex_sql::factory();\n				$query = \"SELECT id,name,login FROM rex_user WHERE login = \\\"\" . $art->getValue(\'createuser\') .\"\\\"\";\n				$users = $sql->getArray($query);\n				$blogUserName = rex_escape($users[0][\'name\']);\n				$blogImgSrc = rex_media_manager::getUrl(\'blog_author\',\'blogautor_\'.strtolower($art->getValue(\'createuser\')).\'.jpg\');\n				// dump($blogImgSrc);\n\n				setlocale(LC_TIME,\'de_DE.utf8\', \'de_DE@euro.utf8\', \'de_DE.utf8\', \'de.utf8\',\'ge.utf8\',\'german.utf8\',\'German.utf8\');\n				$blogCreateDate = strftime(\"%e. %b. %Y\", $art->getValue(\'createdate\'));\n				$blogUpdateDate = strftime(\"%e. %b. %Y\", $art->getValue(\'updatedate\') + 40);\n\n				// !!! markup: use bootstrap media or box content styling for header or at least row/col so that \n				//             img floats as expected!\n				//             -> also needed for name versus date because of mobile devices\n				?>\n				<div class=\"blog-header\">\n					<p>\n						<img src=\"<?=$blogImgSrc?>\">\n						von <?=$blogUserName?>\n					</p>\n					<p class=\"blog-date\">\n						erstellt am <?php \n							echo $blogCreateDate;\n							if ($blogCreateDate !== $blogUpdateDate) {\n								echo \', zuletzt geändert am \'. $blogUpdateDate;\n							}\n							?>\n					</p>\n				</div>\n			<?php endif ?>\n\n        REX_ARTICLE[]\n		<a id=\"comment-success\"></a>\n		<?php \n		// !!! show comment function if admin logged in because not ready yet !!!\n		if ($isBlog && ($userLevel >= 2)):\n			// *** ! first init yform THEN show list\n			$yform = new rex_yform();\n			$yform->setObjectparams(\'form_name\', \'table-rex_blog_reply\');\n			$yform->setObjectparams(\'form_action\',rex_getUrl(\'REX_ARTICLE_ID\'));\n			$yform->setObjectparams(\'form_ytemplate\', \'bootstrap\');\n			$yform->setObjectparams(\'form_showformafterupdate\', 0);\n			$yform->setObjectparams(\'real_field_names\', true);\n\n			// $yform->setObjectparams(\'getdata\',1);\n			// $yform->setObjectparams(\'main_where\',\'id=3\');\n			$yform->setObjectparams(\'main_table\',\'rex_blog_reply\');\n\n			$yform->setValueField(\'text\', [\'name\',\'Name\',\'\',\'0\',\'\',\'\']);\n			$yform->setValueField(\'textarea\', [\'comment\',\'Antworttext\',\'\',\'0\',\'\',\'\']);\n			// $yform->setValueField(\'email\', [\'mail\',\'Email-Adresse von \"anonymem\" Nutzer\',\'\',\'0\',\'\',\'Freiwillig, Vorteile siehe in den <a href=\"#description-text\" class=\"description-link\">Erläuterungen</a>.\']);\n\n			// make it hidden fild works like this:\n			$yform->setValueField(\'hidden\', [\'articleID\',\'REX_ARTICLE_ID\']); // ! value must be string here, else error, important when hard coded id used\n			// ! and *NOT* like this:\n			// $yform->setHiddenField(\'articleID\',\'REX_ARTICLE_ID\'); // ! is NOT dispatched to DB save but put into form\n\n			$yform->setValueField(\'hidden\', [\'parentReplyID\',0]);\n			// $yform->setHiddenField(\'parentReplyID\',123);\n\n			// !!! must be set when yco mlogin possible in frontend\n			// $yform->setValueField(\'be_manager_relation\', [\'ycomCreateUser\',\'Benutzer (yCom)\',\'rex_ycom_user\',\'login, \\\', \\\',email\',\'0\',\'1\',\'\',\'1\',\'\',\'\',\'\',\'Es ist geplant, nur den Ersteller ändern zu lassen. (Kein extra \"update user\"), anonym=0 oder emptystring\']);\n\n			$yform->setValueField(\'datestamp\', [\'updatedate\',\'Änderungsdatum\',\'d.m.Y. H:i:s\',\'0\',\'0\',\'1\']);\n			$yform->setValueField(\'datestamp\', [\'createdate\',\'Erstellungsdatum\',\'d.m.Y H:i:s\',\'0\',\'1\',\'1\']);\n			// $yform->setValueField(\'hidden\', array(\"createdate\", \'datesstamp\'));\n			// $yform->setValueField(\'hidden\', array(\"updatedate\", \"Max Muster\"));\n\n			$yform->setValueField(\'ip\', [\'createIP\',\'IP-Adresse (eigene Routine besser)\',\'0\']);\n			$yform->setValidateField(\'empty\', [\'name\',\'Sie müssen einen Namen eingeben!!\']);\n			// $yform->setValueField(\'mediafile\', [\'portrait\',\'Avatar\',\'7000\',\'.png,.jpg,.jpeg\',\'\',\'\',\'0\',\'3\',\'Timm\',\'Lade ein Bild von dir hoch\']);\n\n			// ! obviously you can define the validate fields here *without* having it selected in the yForm-backend-fields list\n			$yform->setValidateField(\'empty\', [\'comment\',\'Sie müssen einen Text eingeben!!\']);\n\n			// $yform->setActionField(\'tpl2email\', [\'emailtemplate\', \'emaillabel\', \'tth@kuehne-webdienste.de\']);\n			// action|db|tblname|[where(id=2)/main_where]\n			$yform->setActionField(\'db\',[\'rex_blog_reply\']);\n\n			$yform->setObjectparams(\'submit_btn_label\',\'Kommentar hinzufügen\');\n			$yform->setObjectparams(\'form_action\',rex_getUrl(\'\') . \'#comment-form\');\n\n			\n			$yform->setValueField(\'checkbox\', [\'conditions_read\',\'Ich habe die <a class=\"description-link\" href=\"#description-text\">Nutzungsbedingungen und Datenschutzhinweise</a> gelesen\',\'0\',\'0\',\'\',\'\',\'no,yes\']); // the no/yes has no effect...\n			$yform->setValidateField(\'empty\', [\'conditions_read\',\'Sie müssen bestätigen, dass Sie die Hinweise zur Kenntnis genommen haben.\']);\n\n			// ! the dummy parameter in URL causes page reload \n			//   - needed for form to display again\n			//   - not invoked when URL just contains same page with jump marker\n			$yform->setActionField(\'html\',[\'<div class=\"alert alert-success\">Ihr Kommentar wurde gespeichert.<br><a href=\"\'.rex_getUrl(\'\').\'?d=1#comment-form\">Noch ein Kommentar...</a></div>\']);\n			$formHtml = $yform->getForm();\n\n			// !!! make styling via adding classes *template*\n			//     e.g. margin bottom\n\n			// *** end yform init \n			\n			// if ($isBlog): 1\n\n			// echo \'yorm test: \';\n			// $items = rex_yform_manager_table::get(\'rex_blog_reply\')->query()->find();\n			// dump($items);\n			// $testId = 2;\n			// echo \'yorm auto save: (set url param \"save\" to 1!), for id: \'. $testId;\n			// if (rex_request(\'save\',\'string\') !== \'\') {\n			// 	echo \'perform save... \';\n			// 	$post = rex_yform_manager_dataset::get($testId, \'rex_blog_reply\');\n			// 	echo \'name: \' . $post->name;\n			// 	echo \' nothing changed but updatedate!!\';\n			// 	// $post->text = \'...\';\n\n			// 	if ($post->save()) { \n			// 		echo \'Gespeichert!\';\n			// 	} else {\n			// 		echo implode(\'<br>\', $post->getMessages());\n			// 	}\n			// }\n			// !!! use class or fragment for *comment list code*\n			//     - group by comment\n			//     - make tree after fetch\n			\n\n			$query = \"SELECT * FROM rex_blog_reply WHERE articleID = REX_ARTICLE_ID ORDER BY `createdate` ASC\";\n			// $comments = $sql->getArray($query);\n			$sql->setQuery($query);\n\n			// while ($s)$commentRows\n			$comments = array(); // as long as debug\n			if ($sql->hasNext()):\n			?>\n			<div class=\"blog-comments\">\n				<h2>Kommentare</h2>\n				<?php\n					$user_sql = rex_sql::factory();\n					// foreach ($comments as $reply):\n					while ($sql->hasNext()):\n				?>\n					<div class=\"comment-entry\">\n						<div class=\"comment-entry-header\">\n							<?php\n							// get chosen name\n							// $chosenName = trim(rex_escape($reply[\'name\']));\n							$chosenName = trim(rex_escape($sql->getValue(\'name\')));\n							if (!strlen($chosenName)) {\n								// get name from ycom user when set\n								// if ($reply[\'ycomCreateUser\']) {\n								if ($sql->getValue(\'ycomCreateUser\')) {\n									// !!! is result of user get in redaxo tricks easier (because only 1 row expected?)\n									// Neue rex_sql Instanz\n									// $user_sql->setQuery(\"SELECT name,firstname FROM \" . rex::getTable(\'ycom_user\') . \" WHERE id = :id\",  array(\":id\" => $reply[\'ycomCreateUser\']));\n									$user_sql->setQuery(\"SELECT name,firstname FROM \" . rex::getTable(\'ycom_user\') . \" WHERE id = :id\",  array(\":id\" => $sql->getValue(\'ycomCreateUser\')));\n									// Übergabe\n									$chosenName = \n										rex_escape($user_sql->getValue(\'firstname\')) . \' \' .\n										rex_escape($user_sql->getValue(\'name\'));\n								}\n							}\n							echo $chosenName;\n							?>\n							schrieb am <?=date(\'d.m.Y\', $sql->getDateTimeValue(\'createdate\'))?>:\n						</div>\n						<?=rex_escape($sql->getValue(\'comment\'))?>\n					</div>\n				<?php $sql->next(); endwhile; ?>\n			</div>\n\n			<?php endif; // has next\n			?> \n			<a id=\"comment-form\"></a>\n			\n			<h2>Kommentar hinzufügen</h2>\n\n			<?php\n				// ! the order of init and output is important to get \n				//   latest DB changes into list above\n				echo $formHtml;\n			?>\n			<p>&nbsp;</p>\n			<p><a class=\"description-link description-link-2 initially-hidden\" href=\"#description-text\">Hinweise anzeigen</a></p>\n			<!-- card has no margin?? -->\n			<!-- !!! must be shown on preview too -->\n			<div class=\"card description-card\">\n				<a id=\"description-text\"></a>\n				<div class=\"card-body\">\n					<h5 class=\"card-title\">Erläuterungen</h5>\n					<p>\n						Ihre IP-Adresse wird gespeichert.\n					</p>\n				</div>\n			</div>\n		</div>\n				\n		</div>\n		<?php endif; // $isBlog???? ?>\n    </div>\n\n	<footer class=\"footer\">\n      <div class=\"container\">\n        <span class=\"footer-item text-muted\"> \n		<?php \n			$mailAddress =  rex_config::get(\'phpmailer\', \'from\');\n		?>\n		<a href=\"mailto:<?=$mailAddress?>\"><?=$mailAddress?></a></span>\n        <span class=\"footer-item text-muted\"><a href=\"<?=rex_getUrl($imprintArticleId)?>\">Impressum</a></span>\n      </div>\n    </footer>\n\n    <!-- jQuery first, then Popper.js, then Bootstrap JS -->\n	<script src=\"https://code.jquery.com/jquery-3.5.1.slim.min.js\" integrity=\"sha384-DfXdz2htPH0lsSSs5nCTpuj/zy4C+OGpamoFVy38MVBnE+IbbVYUew+OrCXaRkfj\" crossorigin=\"anonymous\"></script>\n	<script src=\"https://cdn.jsdelivr.net/npm/popper.js@1.16.1/dist/umd/popper.min.js\" integrity=\"sha384-9/reFTGAW83EW2RDu2S0VKaIzap3H66lZH81PoYlFhbGU+6BZp6G7niu735Sk7lN\" crossorigin=\"anonymous\"></script>\n	<script src=\"https://cdn.jsdelivr.net/npm/bootstrap@4.6.0/dist/js/bootstrap.min.js\" integrity=\"sha384-+YQ4JLhjyBLPDQt//I+STsc9iw4uQqACwlvpslubQzn4u2UU2UFM80nGisd026JF\" crossorigin=\"anonymous\"></script>\n	<!-- <script src=\"https://code.jquery.com/jquery-3.5.1.slim.min.js\" integrity=\"sha384-DfXdz2htPH0lsSSs5nCTpuj/zy4C+OGpamoFVy38MVBnE+IbbVYUew+OrCXaRkfj\" crossorigin=\"anonymous\"></script>\n	<script src=\"https://cdn.jsdelivr.net/npm/popper.js@1.16.1/dist/umd/popper.min.js\" integrity=\"sha384-9/reFTGAW83EW2RDu2S0VKaIzap3H66lZH81PoYlFhbGU+6BZp6G7niu735Sk7lN\" crossorigin=\"anonymous\"></script>\n	<script src=\"https://cdn.jsdelivr.net/npm/bootstrap@4.5.3/dist/js/bootstrap.min.js\" integrity=\"sha384-w1Q4orYjBQndcko6MimVbzY0tgp4pWB4lZ7lr30WKz0vr/aWKhXdBNmNb5D92v7s\" crossorigin=\"anonymous\"></script> -->\n\n	<script src=\"<?=theme_url::assets(\'vendor/jquery.auto-complete.min.js\')?>\"></script>\n	<script>\n		$(document).ready(function() {\n			$(\'#wordlistsearch\').autoComplete({\n				minChars: 1,\n				delay : 100,\n				source: function(term, suggest){\n					term = term.toLowerCase();\n					var choices = [<?=$completeWordList?>];\n					var matches = [];\n					for (i=0; i<choices.length; i++)\n						if (~choices[i].toLowerCase().indexOf(term)) matches.push(choices[i]);\n					suggest(matches);\n				},\n				onSelect: function(event) {\n					// !!! check if compat issues, then use document.getElementById(\'searchForm\').submit();\n					document.searchForm.submit();\n				}\n			});\n\n			$(\'.description-link\')\n				.removeClass(\'initially-hidden\')\n				.click(function() {\n					$(\'.description-card\').show();\n					$(\'.description-link-2\').hide(); // don\'t want to hide all of them\n					// return false;\n				});\n\n			$(\'.description-card\').hide();\n		});\n	</script>\n  </body>\n</html>\n',0,'2021-03-07 15:46:47','Thomas','2021-03-22 21:40:21','Thomas','{\"ctype\":[],\"modules\":{\"1\":{\"all\":\"1\"}},\"categories\":{\"all\":\"1\"}}',0),
  (3,NULL,'Blog-Artikel','<?php\n    // set var if user active\n    $templateAllowed = true;\n    // include bootstrap\n    // $navTemplate = new rex_template(\'mkb_basis\');  // id des Basis-Template hart codiert!\n	// include $navTemplate->getFile();\n	$isBlog = true;\n?>\nREX_TEMPLATE[key=tth_basis] ',1,'2020-10-29 16:33:44','Thomas','2021-03-20 16:15:59','Thomas','{\"ctype\":[],\"modules\":{\"1\":{\"all\":\"1\"}},\"categories\":{\"0\":\"13\",\"all\":0}}',0);
/*!40000 ALTER TABLE `rex_template` ENABLE KEYS */;
UNLOCK TABLES;

DROP TABLE IF EXISTS `rex_user_role`;
CREATE TABLE `rex_user_role` (
  `id` int unsigned NOT NULL AUTO_INCREMENT,
  `name` varchar(255) CHARACTER SET utf8mb4 COLLATE utf8mb4_unicode_ci DEFAULT NULL,
  `description` text CHARACTER SET utf8mb4 COLLATE utf8mb4_unicode_ci,
  `perms` text CHARACTER SET utf8mb4 COLLATE utf8mb4_unicode_ci NOT NULL,
  `createdate` datetime NOT NULL,
  `createuser` varchar(255) CHARACTER SET utf8mb4 COLLATE utf8mb4_unicode_ci NOT NULL,
  `updatedate` datetime NOT NULL,
  `updateuser` varchar(255) CHARACTER SET utf8mb4 COLLATE utf8mb4_unicode_ci NOT NULL,
  `revision` int unsigned NOT NULL,
  PRIMARY KEY (`id`)
) ENGINE=InnoDB AUTO_INCREMENT=2 DEFAULT CHARSET=utf8mb4 COLLATE=utf8mb4_unicode_ci;

LOCK TABLES `rex_user_role` WRITE;
/*!40000 ALTER TABLE `rex_user_role` DISABLE KEYS */;
INSERT INTO `rex_user_role` VALUES 
  (1,'Chefredakteur','darf tth Tabellen und Inhalte ändern.','{\"general\":\"|backup[export]|markitup[]|media[sync]|\",\"options\":\"|addArticle[]|addCategory[]|article2category[]|article2startarticle[]|copyArticle[]|copyContent[]|deleteArticle[]|deleteCategory[]|editArticle[]|editCategory[]|moveArticle[]|moveCategory[]|moveSlice[]|publishArticle[]|publishCategory[]|publishSlice[]|\",\"extras\":null,\"clang\":\"all\",\"media\":\"all\",\"structure\":\"all\",\"modules\":\"|4|3|2|\",\"yform_manager_table\":\"all\"}','2020-05-23 21:11:11','Thomas','2020-05-23 21:11:11','Thomas',0);
/*!40000 ALTER TABLE `rex_user_role` ENABLE KEYS */;
UNLOCK TABLES;

DROP TABLE IF EXISTS `rex_xoutputfilter`;
CREATE TABLE `rex_xoutputfilter` (
  `id` int unsigned NOT NULL AUTO_INCREMENT,
  `typ` tinyint(1) NOT NULL DEFAULT '0',
  `active` tinyint(1) NOT NULL DEFAULT '0',
  `name` varchar(255) NOT NULL DEFAULT '',
  `description` varchar(255) NOT NULL DEFAULT '',
  `lang` int NOT NULL DEFAULT '1',
  `marker` text NOT NULL,
  `html` text NOT NULL,
  `allcats` tinyint(1) NOT NULL DEFAULT '0',
  `subcats` tinyint(1) NOT NULL DEFAULT '0',
  `once` tinyint(1) NOT NULL DEFAULT '0',
  `categories` text,
  `insertbefore` tinyint(1) NOT NULL DEFAULT '0',
  `excludeids` text NOT NULL,
  `useragent` text NOT NULL,
  `dataarea` text NOT NULL,
  `validfrom` datetime NOT NULL DEFAULT '0000-00-00 00:00:00',
  `validto` datetime NOT NULL DEFAULT '0000-00-00 00:00:00',
  PRIMARY KEY (`id`)
) ENGINE=InnoDB AUTO_INCREMENT=2 DEFAULT CHARSET=utf8;

LOCK TABLES `rex_xoutputfilter` WRITE;
/*!40000 ALTER TABLE `rex_xoutputfilter` DISABLE KEYS */;
INSERT INTO `rex_xoutputfilter` VALUES 
  (1,4,1,'ProjektTitel','Titel des Projektes',1,'{{ProjektTitel}}','TTH',1,1,1,'',2,'','','','0000-00-00 00:00:00','0000-00-00 00:00:00');
/*!40000 ALTER TABLE `rex_xoutputfilter` ENABLE KEYS */;
UNLOCK TABLES;

DROP TABLE IF EXISTS `rex_ycom_group`;
CREATE TABLE `rex_ycom_group` (
  `id` int unsigned NOT NULL AUTO_INCREMENT,
  `name` varchar(191) CHARACTER SET utf8mb4 COLLATE utf8mb4_unicode_ci NOT NULL,
  PRIMARY KEY (`id`)
) ENGINE=InnoDB AUTO_INCREMENT=3 DEFAULT CHARSET=utf8mb4 COLLATE=utf8mb4_unicode_ci;

LOCK TABLES `rex_ycom_group` WRITE;
/*!40000 ALTER TABLE `rex_ycom_group` DISABLE KEYS */;
INSERT INTO `rex_ycom_group` VALUES 
  (1,'Blog kommentieren'),
  (2,'Chefredakteur');
/*!40000 ALTER TABLE `rex_ycom_group` ENABLE KEYS */;
UNLOCK TABLES;

DROP TABLE IF EXISTS `rex_ycom_user`;
CREATE TABLE `rex_ycom_user` (
  `id` int unsigned NOT NULL AUTO_INCREMENT,
  `login` varchar(191) CHARACTER SET utf8mb4 COLLATE utf8mb4_unicode_ci NOT NULL,
  `email` varchar(191) CHARACTER SET utf8mb4 COLLATE utf8mb4_unicode_ci NOT NULL,
  `password` varchar(255) CHARACTER SET utf8mb4 COLLATE utf8mb4_unicode_ci NOT NULL,
  `firstname` varchar(191) CHARACTER SET utf8mb4 COLLATE utf8mb4_unicode_ci NOT NULL,
  `name` varchar(191) CHARACTER SET utf8mb4 COLLATE utf8mb4_unicode_ci NOT NULL,
  `status` text CHARACTER SET utf8mb4 COLLATE utf8mb4_unicode_ci NOT NULL,
  `activation_key` varchar(191) CHARACTER SET utf8mb4 COLLATE utf8mb4_unicode_ci NOT NULL,
  `session_key` varchar(191) CHARACTER SET utf8mb4 COLLATE utf8mb4_unicode_ci NOT NULL,
  `termsofuse_accepted` tinyint(1) NOT NULL,
  `new_password_required` tinyint(1) NOT NULL,
  `last_action_time` datetime NOT NULL,
  `last_login_time` datetime NOT NULL,
  `termination_time` datetime NOT NULL,
  `login_tries` int DEFAULT NULL,
  `ycom_groups` text CHARACTER SET utf8mb4 COLLATE utf8mb4_unicode_ci NOT NULL,
  PRIMARY KEY (`id`)
) ENGINE=InnoDB AUTO_INCREMENT=2 DEFAULT CHARSET=utf8mb4 COLLATE=utf8mb4_unicode_ci;

LOCK TABLES `rex_ycom_user` WRITE;
/*!40000 ALTER TABLE `rex_ycom_user` DISABLE KEYS */;
INSERT INTO `rex_ycom_user` VALUES 
  (1,'Tomkien','kuehnewebdienste@gmail.com','$2y$10$mK6fsKdQLgQ0eJ/G2j3rrOvkabaESqGowjlNl/G80vTHKR7lhS2ay','Thomas','Kühne','2','f3bc62645ec205d1b4496fbb91084e92','2d97bc118526a10fea73a90df38f965f',0,0,'0000-00-00 00:00:00','0000-00-00 00:00:00','0000-00-00 00:00:00',0,'1');
/*!40000 ALTER TABLE `rex_ycom_user` ENABLE KEYS */;
UNLOCK TABLES;

DROP TABLE IF EXISTS `rex_yform_email_template`;
CREATE TABLE `rex_yform_email_template` (
  `id` int unsigned NOT NULL AUTO_INCREMENT,
  `name` varchar(191) CHARACTER SET utf8mb4 COLLATE utf8mb4_unicode_ci NOT NULL,
  `mail_from` varchar(191) CHARACTER SET utf8mb4 COLLATE utf8mb4_unicode_ci NOT NULL,
  `mail_from_name` varchar(191) CHARACTER SET utf8mb4 COLLATE utf8mb4_unicode_ci NOT NULL,
  `mail_reply_to` varchar(191) CHARACTER SET utf8mb4 COLLATE utf8mb4_unicode_ci NOT NULL,
  `mail_reply_to_name` varchar(191) CHARACTER SET utf8mb4 COLLATE utf8mb4_unicode_ci NOT NULL,
  `subject` varchar(191) CHARACTER SET utf8mb4 COLLATE utf8mb4_unicode_ci NOT NULL,
  `body` text CHARACTER SET utf8mb4 COLLATE utf8mb4_unicode_ci NOT NULL,
  `body_html` text CHARACTER SET utf8mb4 COLLATE utf8mb4_unicode_ci NOT NULL,
  `attachments` text CHARACTER SET utf8mb4 COLLATE utf8mb4_unicode_ci NOT NULL,
  `updatedate` datetime NOT NULL,
  PRIMARY KEY (`id`)
) ENGINE=InnoDB DEFAULT CHARSET=utf8mb4 COLLATE=utf8mb4_unicode_ci;
DROP TABLE IF EXISTS `rex_yform_field`;
CREATE TABLE `rex_yform_field` (
  `id` int unsigned NOT NULL AUTO_INCREMENT,
  `table_name` varchar(191) CHARACTER SET utf8mb4 COLLATE utf8mb4_unicode_ci NOT NULL,
  `prio` int NOT NULL,
  `type_id` varchar(191) CHARACTER SET utf8mb4 COLLATE utf8mb4_unicode_ci NOT NULL,
  `type_name` varchar(191) CHARACTER SET utf8mb4 COLLATE utf8mb4_unicode_ci NOT NULL,
  `db_type` varchar(191) CHARACTER SET utf8mb4 COLLATE utf8mb4_unicode_ci NOT NULL,
  `list_hidden` tinyint(1) NOT NULL,
  `search` tinyint(1) NOT NULL,
  `name` text CHARACTER SET utf8mb4 COLLATE utf8mb4_unicode_ci NOT NULL,
  `label` text CHARACTER SET utf8mb4 COLLATE utf8mb4_unicode_ci NOT NULL,
  `not_required` text CHARACTER SET utf8mb4 COLLATE utf8mb4_unicode_ci NOT NULL,
  `notice` text CHARACTER SET utf8mb4 COLLATE utf8mb4_unicode_ci NOT NULL,
  `choices` text CHARACTER SET utf8mb4 COLLATE utf8mb4_unicode_ci NOT NULL,
  `multiple` text CHARACTER SET utf8mb4 COLLATE utf8mb4_unicode_ci NOT NULL,
  `expanded` text CHARACTER SET utf8mb4 COLLATE utf8mb4_unicode_ci NOT NULL,
  `default` text CHARACTER SET utf8mb4 COLLATE utf8mb4_unicode_ci NOT NULL,
  `placeholder` text CHARACTER SET utf8mb4 COLLATE utf8mb4_unicode_ci NOT NULL,
  `table` text CHARACTER SET utf8mb4 COLLATE utf8mb4_unicode_ci NOT NULL,
  `field` text CHARACTER SET utf8mb4 COLLATE utf8mb4_unicode_ci NOT NULL,
  `type` text CHARACTER SET utf8mb4 COLLATE utf8mb4_unicode_ci NOT NULL,
  `empty_option` text CHARACTER SET utf8mb4 COLLATE utf8mb4_unicode_ci NOT NULL,
  `size` text CHARACTER SET utf8mb4 COLLATE utf8mb4_unicode_ci NOT NULL,
  `relation_table` text CHARACTER SET utf8mb4 COLLATE utf8mb4_unicode_ci NOT NULL,
  `empty_value` text CHARACTER SET utf8mb4 COLLATE utf8mb4_unicode_ci NOT NULL,
  `preview` text CHARACTER SET utf8mb4 COLLATE utf8mb4_unicode_ci NOT NULL,
  `category` text CHARACTER SET utf8mb4 COLLATE utf8mb4_unicode_ci NOT NULL,
  `precision` text CHARACTER SET utf8mb4 COLLATE utf8mb4_unicode_ci NOT NULL,
  `scale` text CHARACTER SET utf8mb4 COLLATE utf8mb4_unicode_ci NOT NULL,
  `no_db` text CHARACTER SET utf8mb4 COLLATE utf8mb4_unicode_ci NOT NULL,
  `options` text CHARACTER SET utf8mb4 COLLATE utf8mb4_unicode_ci NOT NULL,
  `only_empty` text CHARACTER SET utf8mb4 COLLATE utf8mb4_unicode_ci NOT NULL,
  `message` text CHARACTER SET utf8mb4 COLLATE utf8mb4_unicode_ci NOT NULL,
  `hashname` text CHARACTER SET utf8mb4 COLLATE utf8mb4_unicode_ci NOT NULL,
  `password_hash` text CHARACTER SET utf8mb4 COLLATE utf8mb4_unicode_ci NOT NULL,
  `password_label` text CHARACTER SET utf8mb4 COLLATE utf8mb4_unicode_ci NOT NULL,
  `max_size` text CHARACTER SET utf8mb4 COLLATE utf8mb4_unicode_ci NOT NULL,
  `types` text CHARACTER SET utf8mb4 COLLATE utf8mb4_unicode_ci NOT NULL,
  `fields` text CHARACTER SET utf8mb4 COLLATE utf8mb4_unicode_ci NOT NULL,
  `position` text CHARACTER SET utf8mb4 COLLATE utf8mb4_unicode_ci NOT NULL,
  `address` text CHARACTER SET utf8mb4 COLLATE utf8mb4_unicode_ci NOT NULL,
  `width` text CHARACTER SET utf8mb4 COLLATE utf8mb4_unicode_ci NOT NULL,
  `height` text CHARACTER SET utf8mb4 COLLATE utf8mb4_unicode_ci NOT NULL,
  `show_value` text CHARACTER SET utf8mb4 COLLATE utf8mb4_unicode_ci NOT NULL,
  `html` text CHARACTER SET utf8mb4 COLLATE utf8mb4_unicode_ci NOT NULL,
  `regex` text CHARACTER SET utf8mb4 COLLATE utf8mb4_unicode_ci NOT NULL,
  `pattern` text CHARACTER SET utf8mb4 COLLATE utf8mb4_unicode_ci NOT NULL,
  `format` text CHARACTER SET utf8mb4 COLLATE utf8mb4_unicode_ci NOT NULL,
  `current_date` text CHARACTER SET utf8mb4 COLLATE utf8mb4_unicode_ci NOT NULL,
  `widget` text CHARACTER SET utf8mb4 COLLATE utf8mb4_unicode_ci NOT NULL,
  `attributes` text CHARACTER SET utf8mb4 COLLATE utf8mb4_unicode_ci NOT NULL,
  `query` text CHARACTER SET utf8mb4 COLLATE utf8mb4_unicode_ci NOT NULL,
  `year_start` text CHARACTER SET utf8mb4 COLLATE utf8mb4_unicode_ci NOT NULL,
  `year_end` text CHARACTER SET utf8mb4 COLLATE utf8mb4_unicode_ci NOT NULL,
  `values` text CHARACTER SET utf8mb4 COLLATE utf8mb4_unicode_ci NOT NULL,
  `rules` text CHARACTER SET utf8mb4 COLLATE utf8mb4_unicode_ci NOT NULL,
  `nonce_key` text CHARACTER SET utf8mb4 COLLATE utf8mb4_unicode_ci NOT NULL,
  `nonce_referer` text CHARACTER SET utf8mb4 COLLATE utf8mb4_unicode_ci NOT NULL,
  `sizes` text CHARACTER SET utf8mb4 COLLATE utf8mb4_unicode_ci NOT NULL,
  `messages` text CHARACTER SET utf8mb4 COLLATE utf8mb4_unicode_ci NOT NULL,
  `rules_message` text CHARACTER SET utf8mb4 COLLATE utf8mb4_unicode_ci NOT NULL,
  `script` text CHARACTER SET utf8mb4 COLLATE utf8mb4_unicode_ci NOT NULL,
  `max` text CHARACTER SET utf8mb4 COLLATE utf8mb4_unicode_ci NOT NULL,
  `infotext_1` text CHARACTER SET utf8mb4 COLLATE utf8mb4_unicode_ci NOT NULL,
  `infotext_2` text CHARACTER SET utf8mb4 COLLATE utf8mb4_unicode_ci NOT NULL,
  `scope` text CHARACTER SET utf8mb4 COLLATE utf8mb4_unicode_ci NOT NULL,
  `columns` text CHARACTER SET utf8mb4 COLLATE utf8mb4_unicode_ci NOT NULL,
  `googleapikey` text CHARACTER SET utf8mb4 COLLATE utf8mb4_unicode_ci NOT NULL,
  `unit` text CHARACTER SET utf8mb4 COLLATE utf8mb4_unicode_ci NOT NULL,
  `server_var` text CHARACTER SET utf8mb4 COLLATE utf8mb4_unicode_ci NOT NULL,
  `user` text CHARACTER SET utf8mb4 COLLATE utf8mb4_unicode_ci NOT NULL,
  `output_values` text CHARACTER SET utf8mb4 COLLATE utf8mb4_unicode_ci NOT NULL,
  `compare_value` text CHARACTER SET utf8mb4 COLLATE utf8mb4_unicode_ci NOT NULL,
  `compare_type` text CHARACTER SET utf8mb4 COLLATE utf8mb4_unicode_ci NOT NULL,
  `filter` text CHARACTER SET utf8mb4 COLLATE utf8mb4_unicode_ci NOT NULL,
  PRIMARY KEY (`id`)
) ENGINE=InnoDB AUTO_INCREMENT=150 DEFAULT CHARSET=utf8mb4 COLLATE=utf8mb4_unicode_ci;

LOCK TABLES `rex_yform_field` WRITE;
/*!40000 ALTER TABLE `rex_yform_field` DISABLE KEYS */;
INSERT INTO `rex_yform_field` VALUES 
  (4,'tth_autoren',1,'value','text','varchar(191)',0,1,'name','AutorName','','','','','','','','','','','','','','','','','','','','','','','','','','','','','','','','','','','','','','','','','','','','','','','','','','','','','','','','','','','','','','','',''),
  (5,'tth_autoren',2,'value','text','varchar(191)',0,1,'vorname','AutorVorname','','','','','','','','','','','','','','','','','','','','','','','','','','','','','','','','','','','','','','','','','','','','','','','','','','','','','','','','','','','','','','','',''),
  (6,'tth_autoren',3,'value','text','varchar(191)',0,1,'gnd','GND','','','','','','','','','','','','','','','','','','','','','','','','','','','','','','','','','','','','','','','','','','','','','','','','','','','','','','','','','','','','','','','',''),
  (7,'tth_sprachen',1,'value','text','varchar(191)',0,1,'sprache','Sprache des Begriffs','','','','','','','','','','','','','','','','','','','','','','','','','','','','','','','','','','','','','','','','','','','','','','','','','','','','','','','','','','','','','','','',''),
  (8,'tth_sprachstile',1,'value','text','varchar(191)',0,1,'stil','Sprachstil','','','','','','','','','','','','','','','','','','','','','','','','','','','','','','','','','','','','','','','','','','','','','','','','','','','','','','','','','','','','','','','',''),
  (9,'tth_begriffsstati',1,'value','text','varchar(191)',0,1,'status','Status','','','','','','','','','','','','','','','','','','','','','','','','','','','','','','','','','','','','','','','','','','','','','','','','','','','','','','','','','','','','','','','',''),
  (11,'tth_quellen',1,'value','text','text',0,1,'titel','Titel','','','','','','','','','','','','','','','','','','','','','','','','','','','','','','','','','','','','','','','','','','','','','','','','','','','','','','','','','','','','','','','',''),
  (12,'tth_quellen',2,'value','text','varchar(191)',0,1,'isbn','ISBN','','','','','','','','','','','','','','','','','','','','','','','','','','','','','','','','','','','','','','','','','','','','','','','','','','','','','','','','','','','','','','','',''),
  (13,'tth_quellen',3,'value','integer','int',0,1,'jahr','Jahr','','','','','','','','','','','','','','','','','','','','','','','','','','','','','','','','','','','','','','','','','','','','','','','','','','','','','','','','','','','','','','','',''),
  (14,'tth_quellen',4,'value','text','varchar(191)',0,1,'kurz','Kurzform','','','','','','','','','','','','','','','','','','','','','','','','','','','','','','','','','','','','','','','','','','','','','','','','','','','','','','','','','','','','','','','',''),
  (15,'tth_regionen',1,'value','text','varchar(191)',0,1,'region','Region','','','','','','','','','','','','','','','','','','','','','','','','','','','','','','','','','','','','','','','','','','','','','','','','','','','','','','','','','','','','','','','',''),
  (19,'tth_wortliste',1,'value','text','varchar(191)',0,1,'begriff','Begriff','','','','','','','','','','','','','','','','','','','','','','','','','','','','','','','','','','','','','','','','','','','','','','','','','','','','','','','','','','','','','','','',''),
  (20,'tth_wortliste',2,'value','textarea','text',1,0,'definition','Begriffsdefinition','','','','','','','','','','','','','','','','','','','','','','','','','','','','','','','','','','','','','','','','','','','','','','','','','','','','','','','','','','','','','','','',''),
  (25,'tth_wortliste',9,'value','text','varchar(191)',1,0,'code','Begriffscode','','','','','','','','','','','','','','','','','','','','','','','','','','','','','','','','','','','','','','','','','','','','','','','','','','','','','','','','','','','','','','','',''),
  (27,'tth_wortliste',10,'value','textarea','text',1,0,'notes','Scope Notes','','','','','','','','','','','','','','','','','','','','','','','','','','','','','','','','','','','','','','','','','','','','','','','','','','','','','','','','','','','','','','','',''),
  (34,'tth_wortliste',16,'value','text','varchar(191)',1,0,'datierung','Datierung','','','','','','','','','','','','','','','','','','','','','','','','','','','','','','','','','','','','','','','','','','','','','','','','','','','','','','','','','','','','','','','',''),
  (35,'tth_wortliste',17,'value','text','text',1,0,'historischer_hintergrund','Historischer Hintergrund','','','','','','','','','','','','','','','','','','','','','','','','','','','','','','','','','','','','','','','','','','','','','','','','','','','','','','','','','','','','','','','',''),
  (43,'tth_wortliste',22,'value','choice','varchar(191)',1,1,'kategorie','Eigenschaft Kategorie','','','ja=TRUE,nein=FALSE','0','0','FALSE','','','','','','','','','','','','','','','','','','','','','','','','','','','','','','','','','','','','','','','','','','','','','','','','','','','','','','','','','',''),
  (46,'tth_wortliste',23,'value','choice','varchar(16)',1,1,'veroeffentlichen','Veröffentlichen?','','','ja=TRUE,nein=FALSE','0','0','FALSE','','','','','','','','','','','','','','','','','','','','','','','','','','','','','','','','','','','','','','','','','','','','','','','','','','','','','','','','','',''),
  (47,'tth_wortliste',24,'value','choice','varchar(16)',1,1,'bearbeiten','Noch Bearbeiten','','','ja=TRUE,nein=FALSE','0','0','FALSE','','','','','','','','','','','','','','','','','','','','','','','','','','','','','','','','','','','','','','','','','','','','','','','','','','','','','','','','','',''),
  (49,'tth_wortliste',4,'value','be_manager_relation','int',1,0,'benutze','Deskriptor (Benutze)','','Benutze darf nicht gesetzt sein, wenn dies ein \"Deskriptor\" oder eine \"Facette\" ist. (PLUS öffnet ein neues Browser-Fenster, dort 1 Eintrag übernehmen) ','','','','','','tth_wortliste','begriff','2','1','','','','','','','','','','','','','','','','','','','','','','','','','','','','','','','','','','','','','','','','','','','','','','','','','','','','','begriffsstatus_id = 6 OR begriffsstatus_id != 2'),
  (50,'tth_wortliste',7,'value','be_manager_relation','int',1,0,'autor_id','Autor','','','','','','','','tth_autoren','vorname, \' \', name','0','0','','','Du musst einen Autor definieren!','','','','','','','','','','','','','','','','','','','','','','','','','','','','','','','','','','','','','','','','','','','','','','','','','',''),
  (51,'tth_wortliste',3,'value','be_manager_relation','int',0,1,'begriffsstatus_id','Begriffsstatus','','','','','','','','tth_begriffsstati','status','0','1','','','','','','','','','','','','','','','','','','','','','','','','','','','','','','','','','','','','','','','','','','','','','','','','','','','','',''),
  (52,'tth_begriff_grobgliederung',1,'value','be_manager_relation','int',1,0,'begriff_id','Begriff','','','','','','','','tth_wortliste','id','0','0','','','','','','','','','','','','','','','','','','','','','','','','','','','','','','','','','','','','','','','','','','','','','','','','','','','','',''),
  (53,'tth_begriff_grobgliederung',2,'value','be_manager_relation','int',1,0,'grobgliederung_id','Zugeordnete Grobgliederung','','','','','','','','tth_wortliste','id','0','0','','','','','','','','','','','','','','','','','','','','','','','','','','','','','','','','','','','','','','','','','','','','','','','','','','','','',''),
  (54,'tth_wortliste',5,'value','be_manager_relation','text',1,0,'grobgliederung_beziehung','Beziehung Grobgliederung','','(PLUS öffnet ein neues Browser-Fenster, dort können mehrere Einträge übernommen werden) ','','','','','','tth_wortliste','begriff','3','1','5','tth_begriff_grobgliederung','','','','','','','','','','','','','','','','','','','','','','','','','','','','','','','','','','','','','','','','','','','','','','','','','','',''),
  (55,'tth_begriff_quellen',1,'value','be_manager_relation','int',1,0,'begriff_id','ID des Begriffes','','','','','','','','tth_wortliste','id','0','0','','','Begriffs-id muss immer angegeben werden','','','','','','','','','','','','','','','','','','','','','','','','','','','','','','','','','','','','','','','','','','','','','','','','','',''),
  (56,'tth_begriff_quellen',2,'value','be_manager_relation','int',1,0,'quelle_id','ID der Quelle','','','','','','','','tth_quellen','id','0','0','','','Quellen-id muss immer angegeben werden','','','','','','','','','','','','','','','','','','','','','','','','','','','','','','','','','','','','','','','','','','','','','','','','','',''),
  (59,'tth_begriff_oberbegriffe',1,'value','be_manager_relation','int',1,0,'begriff_id','Begriff ID','','','','','','','','tth_wortliste','id','0','0','','','','','','','','','','','','','','','','','','','','','','','','','','','','','','','','','','','','','','','','','','','','','','','','','','','','',''),
  (60,'tth_begriff_oberbegriffe',2,'value','be_manager_relation','int',1,0,'oberbegriff_id','Beziehung Oberbegriff Begriff ID','','','','','','','','tth_wortliste','id','0','0','','','','','','','','','','','','','','','','','','','','','','','','','','','','','','','','','','','','','','','','','','','','','','','','','','','','',''),
  (62,'tth_wortliste',12,'value','be_manager_relation','int',1,0,'beziehung_oberbegriffe','Oberbegriffe','','(PLUS öffnet neues Browser-Fenster, dort kannst du mehrere Einträge übernehmen)','','','','','','tth_wortliste','begriff','3','1','3','tth_begriff_oberbegriffe','','','','','','','','','','','','','','','','','','','','','','','','','','','','','','','','','','','','','','','','','','','','','','','','','','',''),
  (63,'tth_begriff_unterbegriffe',1,'value','be_manager_relation','int',1,0,'begriff_id','Begriff ID','','','','','','','','tth_wortliste','begriff','0','0','','','','','','','','','','','','','','','','','','','','','','','','','','','','','','','','','','','','','','','','','','','','','','','','','','','','',''),
  (64,'tth_begriff_unterbegriffe',2,'value','be_manager_relation','int',1,0,'unterbegriff_id','Unterbegriff Begriff ID','','','','','','','','tth_wortliste','begriff','0','0','','','','','','','','','','','','','','','','','','','','','','','','','','','','','','','','','','','','','','','','','','','','','','','','','','','','',''),
  (65,'tth_wortliste',13,'value','be_manager_relation','text',1,0,'beziehung_unterbegriffe','Unterbegriffe','','(PLUS öffnet neues Browser-Fenster, dort kannst du mehrere Einträge übernehmen)','','','','','','tth_wortliste','begriff','3','1','7','tth_begriff_unterbegriffe','','','','','','','','','','','','','','','','','','','','','','','','','','','','','','','','','','','','','','','','','','','','','','','','','','',''),
  (66,'tth_begriff_verwandte',1,'value','be_manager_relation','int',1,0,'begriff_id','Begriff ID','','','','','','','','tth_wortliste','begriff','0','0','','','','','','','','','','','','','','','','','','','','','','','','','','','','','','','','','','','','','','','','','','','','','','','','','','','','',''),
  (67,'tth_begriff_verwandte',2,'value','be_manager_relation','int',1,0,'verwandter_id','Verwandter Begriff ID','','','','','','','','tth_wortliste','begriff','0','0','','','','','','','','','','','','','','','','','','','','','','','','','','','','','','','','','','','','','','','','','','','','','','','','','','','','',''),
  (68,'tth_begriff_aequivalente',1,'value','be_manager_relation','int',1,0,'begriff_id','Begriff ID','','','','','','','','tth_wortliste','begriff','0','0','','','','','','','','','','','','','','','','','','','','','','','','','','','','','','','','','','','','','','','','','','','','','','','','','','','','',''),
  (69,'tth_begriff_aequivalente',2,'value','be_manager_relation','int',1,0,'aequivalent_id','Äquivalenter Begriff ID','','','','','','','','tth_wortliste','begriff','0','0','','','','','','','','','','','','','','','','','','','','','','','','','','','','','','','','','','','','','','','','','','','','','','','','','','','','',''),
  (70,'tth_wortliste',14,'value','be_manager_relation','int',1,0,'beziehung_verwandte','Verwandte Begriffe','','(PLUS öffnet neues Browser-Fenster, dort kannst du mehrere Einträge übernehmen)','','','','','','tth_wortliste','begriff','3','1','5','tth_begriff_verwandte','','','','','','','','','','','','','','','','','','','','','','','','','','','','','','','','','','','','','','','','','','','','','','','','','','',''),
  (71,'tth_wortliste',15,'value','be_manager_relation','int',1,0,'beziehung_aequivalente','Äquivalente Begriffe','','(PLUS öffnet neues Browser-Fenster, dort kannst du mehrere Einträge übernehmen)','','','','','','tth_wortliste','begriff','3','1','5','tth_begriff_aequivalente','','','','','','','','','','','','','','','','','','','','','','','','','','','','','','','','','','','','','','','','','','','','','','','','','','',''),
  (72,'tth_wortliste',18,'value','be_manager_relation','int',1,1,'sprache_id','Sprache','','','','','','','','tth_sprachen','sprache','0','0','','','Bitte eine Sprache auswählen!','','','','','','','','','','','','','','','','','','','','','','','','','','','','','','','','','','','','','','','','','','','','','','','','','',''),
  (73,'tth_wortliste',19,'value','be_manager_relation','int',1,0,'region_id','Region','','','','','','','','tth_regionen','region','0','1','','','','','','','','','','','','','','','','','','','','','','','','','','','','','','','','','','','','','','','','','','','','','','','','','','','','',''),
  (74,'tth_wortliste',20,'value','be_manager_relation','int',1,0,'sprachstil_id','Sprachstil','','','','','','','','tth_sprachstile','stil','0','1','','','','','','','','','','','','','','','','','','','','','','','','','','','','','','','','','','','','','','','','','','','','','','','','','','','','',''),
  (75,'tth_wortliste',11,'value','be_media','text',1,0,'bild','Bild(er) aus Medienpool','','','','1','','','','','','','','','','','1','1','','','','','','','','','','','','','','','','','','','','','','','','','','','','','','','','','','','','','','','','','','','','','','','',''),
  (76,'tth_wortliste',21,'value','text','varchar(191)',1,1,'gnd','GND (Gemeinsame Normdatei)','','','','','','','','','','','','','','','','','','','0','','','','','','','','','','','','','','','','','','','','','','','','','','','','','','','','','','','','','','','','','','','','',''),
  (79,'tth_quellenangaben',2,'value','text','int',0,0,'seitenzahl','Seite','','','','','','','','','','','','','','','','','','','','','','','','','','','','','','','','','','','','','','','','','','','','','','','','','','','','','','','','','','','','','','','',''),
  (80,'tth_quellenangaben',1,'value','be_manager_relation','int',0,1,'quelle_id','Quelle','','','','','','','','tth_quellen','kurz','2','0','','','Es muss eine Quelle verlinkt werden.','','','','','','','','','','','','','','','','','','','','','','','','','','','','','','','','','','','','','','','','','','','','','','','','','',''),
  (81,'tth_quellenangaben',3,'value','choice','varchar(16)',0,0,'bevorzugt','Bevorzugt?','','','{\"bevorzugt\":\"TRUE\"}','1','1','','','','','','','','','','','','','','0','','','','','','','','','','','','','','','','','','','','','','','','','','','','','','','','','','','','','','','','','','','','',''),
  (82,'tth_quellenangaben',4,'value','be_manager_relation','int',0,1,'begriff_id','Wort, zu dem die Angabe gehört','','','','','','','','tth_wortliste','begriff','2','0','','','Es muss ein Begriff zugeordnet werden.','','','','','','','','','','','','','','','','','','','','','','','','','','','','','','','','','','','','','','','','','','','','','','','','','',''),
  (83,'tth_quellen_autoren',1,'value','be_manager_relation','int',1,0,'autor_id','Autor','','','','','','','','tth_autoren','name, \', \', vorname','0','0','','','','','','','','','','','','','','','','','','','','','','','','','','','','','','','','','','','','','','','','','','','','','','','','','','','','',''),
  (84,'tth_quellen_autoren',2,'value','be_manager_relation','int',1,0,'quelle_id','Quelle','','','','','','','','tth_quellen','kurz','0','0','','','','','','','','','','','','','','','','','','','','','','','','','','','','','','','','','','','','','','','','','','','','','','','','','','','','',''),
  (85,'tth_quellen',5,'value','be_manager_relation','text',1,0,'quelle_autor','Autoren der Quelle','','','','','','','','tth_autoren','name, \', \', vorname','3','0','','tth_quellen_autoren','Bitte min. 1 Autor zuordnen','','','','','','','','','','','','','','','','','','','','','','','','','','','','','','','','','','','','','','','','','','','','','','','','','',''),
  (86,'tth_quellenangaben_felder',1,'value','text','varchar(191)',0,1,'name','Feldname','','','','','','','','','','','','','','','','','','','','','','','','','','','','','','','','','','','','','','','','','','','','','','','','','','','','','','','','','','','','','','','',''),
  (87,'tth_quellenangaben_felder',2,'value','text','varchar(191)',1,0,'bezeichnung','Bezeichnung','','','','','','','','','','','','','','','','','','','','','','','','','','','','','','','','','','','','','','','','','','','','','','','','','','','','','','','','','','','','','','','',''),
  (89,'tth_tabellennamen',1,'value','text','varchar(191)',0,1,'name','Tabellenname','','Bitte immer mit Präfix \"tth_\" notieren','','','','tth_','','','','','','','','','','','','','0','','','','','','','','','','','','','','','','','','','','','','','','','','','','','','','','','','','','','','','','','','','','',''),
  (90,'tth_tabellennamen',2,'value','text','varchar(191)',0,1,'alter_name','Ursprünglicher Name','','','','','','','','','','','','','','','','','','','0','','','','','','','','','','','','','','','','','','','','','','','','','','','','','','','','','','','','','','','','','','','','',''),
  (91,'tth_tabellennamen',3,'value','textarea','text',1,0,'beschreibung','Beschreibung','','Bitte so ausführlich wie möglich den jetztigen, zukünftigen Zweck und früheren Zweck erläutern','','','','','','','','','','','','','','','','','0','','','','','','','','','','','','','','','','','','','','','','','','','','','','','','','','','','','','','','','','','','','','',''),
  (92,'tth_tabellennamen',4,'value','be_manager_relation','text',0,0,'beziehungen','Verknüpfte Tabellen','','wird in DB als kommagetrennte Liste von IDs gespeichert','','','','','','tth_tabellennamen','name','3','1','','','','','','','','','','','','','','','','','','','','','','','','','','','','','','','','','','','','','','','','','','','','','','','','','','','','',''),
  (93,'tth_metabegriffe',1,'value','choice','text',0,0,'typ','Begriffstyp','','','Facette=facette,Grob-Klassifikation=grobklassifikation','0','0','','kein Typ ausgewählt','','','','','','','','','','','','0','','','','','','','','','','','','','','','','','','','','','','','','','','','','','','','','','','','','','','','','','','','','',''),
  (94,'tth_metabegriffe',2,'value','be_manager_relation','text',0,0,'begriff_id','Begriff','','','','','','','','tth_wortliste','begriff','2','0','','','Es muss ein bestehender Begriff ausgewählt werden','','','','','','','','','','','','','','','','','','','','','','','','','','','','','','','','','','','','','','','','','','','','','','','','','',''),
  (96,'tth_metabegriffe',3,'value','textarea','text',0,0,'beschreibung','Beschreibung','','','','','','','','','','','','','','','','','','','0','','','','','','','','','','','','','','','','','','','','','','','','','','','','','','','','','','','','','','','','','','','','',''),
  (97,'rex_ycom_user',1,'value','html','',0,0,'html1','html1','','','','','','','','','','','','','','','','','','','','','','','','','','','','','','','','','','<div class=\"row\"><div class=\"col-md-6\">','','','','','','','','','','','','','','','','','','','','','','','','','','','','','',''),
  (98,'rex_ycom_user',2,'value','text','',1,1,'login','translate:login','','','','','','','','','','','','','','','','','','','','','','','','','','','','','','','','','','','','','','','','','','','','','','','','','','','','','','','','','','','','','','','',''),
  (99,'rex_ycom_user',3,'validate','empty','',1,0,'login','','','','','','','','','','','','','','','','','','','','','','','translate:ycom_please_enter_login','','','','','','','','','','','','','','','','','','','','','','','','','','','','','','','','','','','','','','','','','',''),
  (100,'rex_ycom_user',4,'validate','unique','',1,0,'login','','','','','','','','','rex_ycom_user','','','','','','','','','','','','','','translate:ycom_this_login_exists_already','','','','','','','','','','','','','','','','','','','','','','','','','','','','','','','','','','','','','','','','','',''),
  (101,'rex_ycom_user',5,'value','text','',0,1,'email','translate:email','','','','','','','','','','','','','','','','','','','','','','','','','','','','','','','','','','','','','','','','','','','','','','','','','','','','','','','','','','','','','','','',''),
  (102,'rex_ycom_user',6,'validate','empty','',1,0,'email','','','','','','','','','','','','','','','','','','','','','','','translate:ycom_please_enter_email','','','','','','','','','','','','','','','','','','','','','','','','','','','','','','','','','','','','','','','','','',''),
  (103,'rex_ycom_user',7,'validate','email','',1,0,'email','','','','','','','','','','','','','','','','','','','','','','','translate:ycom_please_enter_email','','','','','','','','','','','','','','','','','','','','','','','','','','','','','','','','','','','','','','','','','',''),
  (104,'rex_ycom_user',8,'validate','unique','',1,0,'email','','','','','','','','','rex_ycom_user','','','','','','','','','','','','','','translate:ycom_this_email_exists_already','','','','','','','','','','','','','','','','','','','','','','','','','','','','','','','','','','','','','','','','','',''),
  (105,'rex_ycom_user',9,'value','ycom_auth_password','',1,1,'password','translate:password','','','','','','','','','','','','','','','','','','','','','','translate:ycom_validate_password_policy_rules_error','','','','','','','','','','','','','','','','','','','','','','','{\"length\":{\"min\":8},\"letter\":{\"min\":1},\"lowercase\":{\"min\":1},\"uppercase\":{\"min\":1}}','','','','','','1','','','','','','','','','','','','',''),
  (106,'rex_ycom_user',10,'value','text','',0,1,'firstname','translate:firstname','','','','','','','','','','','','','','','','','','','','','','','','','','','','','','','','','','','','','','','','','','','','','','','','','','','','','','','','','','','','','','','',''),
  (107,'rex_ycom_user',11,'value','text','',0,1,'name','translate:name','','','','','','','','','','','','','','','','','','','','','','','','','','','','','','','','','','','','','','','','','','','','','','','','','','','','','','','','','','','','','','','',''),
  (108,'rex_ycom_user',12,'value','html','',0,0,'html2','html2','','','','','','','','','','','','','','','','','','','','','','','','','','','','','','','','','','</div><div class=\"col-md-6\">','','','','','','','','','','','','','','','','','','','','','','','','','','','','','',''),
  (109,'rex_ycom_user',13,'value','choice','',0,1,'status','translate:status','','','translate:ycom_account_inactive_termination=-3,translate:ycom_account_inactive_logins=-2,translate:ycom_account_inactive=-1,translate:ycom_account_requested=0,translate:ycom_account_confirm=1,translate:ycom_account_active=2','0','','-1','','','','','','1','','','','','','','','','','','','','','','','','','','','','','','','','','','','','','','','','','','','','','','','','','','','','','','','','','','',''),
  (110,'rex_ycom_user',14,'value','generate_key','',1,1,'activation_key','translate:activation_key','','','','','','','','','','','','','','','','','','','','','1','','','','','','','','','','','','1','','','','','','','','','','','','','','','','','','','','','','','','','','','','','','',''),
  (111,'rex_ycom_user',15,'value','generate_key','',1,1,'session_key','translate:session_key','','','','','','','','','','','','','','','','','','','','','1','','','','','','','','','','','','1','','','','','','','','','','','','','','','','','','','','','','','','','','','','','','',''),
  (112,'rex_ycom_user',16,'value','checkbox','tinyint(1)',1,1,'termsofuse_accepted','translate:termsofuse_accepted','','','','','','0','','','','','','','','','','','','','0','','','','','','','','','','','','','','','','','','','','','','','','','','','','','','','','','','','','','','','','','','','','',''),
  (113,'rex_ycom_user',17,'value','checkbox','tinyint(1)',1,1,'new_password_required','translate:new_password_required','','','','','','0','','','','','','','','','','','','','0','','','','','','','','','','','','','','','','','','','','','','','','','','','','','','','','','','','','','','','','','','','','',''),
  (114,'rex_ycom_user',18,'value','datestamp','',1,1,'last_action_time','translate:last_action_time','','','','','','','','','','','','','','','','','','','','','2','','','','','','','','','','','','1','','','','','','','','','','','','','','','','','','','','','','','','','','','','','','',''),
  (115,'rex_ycom_user',19,'value','datestamp','',1,1,'last_login_time','translate:last_login_time','','','','','','','','','','','','','','','','','','','','','2','','','','','','','','','','','','1','','','','','','','','','','','','','','','','','','','','','','','','','','','','','','',''),
  (116,'rex_ycom_user',20,'value','datestamp','',1,1,'termination_time','translate:termination_time','','','','','','','','','','','','','','','','','','','','','2','','','','','','','','','','','','1','','','','','','','','','','','','','','','','','','','','','','','','','','','','','','',''),
  (117,'rex_ycom_user',21,'value','integer','',0,1,'login_tries','translate:login_tries','','translate:ycom_login_tries_info','','','','0','','','','','','','','','','','','','','','','','','','','','','','','','','','','','','','','','','','','','','','','','','','','','','','','','','','','','','','','','',''),
  (118,'rex_ycom_user',22,'value','html','',0,0,'html3','html3','','','','','','','','','','','','','','','','','','','','','','','','','','','','','','','','','','</div></div>','','','','','','','','','','','','','','','','','','','','','','','','','','','','','',''),
  (119,'rex_ycom_user',23,'value','be_manager_relation','',1,1,'ycom_groups','translate:ycom_groups','','','','1','','','','rex_ycom_group','name','1','1','','','','','','','','','','','','','','','','','','','','','','','','','','','','','','','','','','','','','','','','','','','','','','','','','','','','',''),
  (120,'rex_ycom_group',1,'value','text','',0,1,'name','translate:name','','','','','','','','','','','','','','','','','','','','','','','','','','','','','','','','','','','','','','','','','','','','','','','','','','','','','','','','','','','','','','','',''),
  (121,'rex_ycom_group',2,'validate','empty','',1,0,'name','','','','','','','','','','','','','','','','','','','','','','','translate:ycom_group_yform_enter_name','','','','','','','','','','','','','','','','','','','','','','','','','','','','','','','','','','','','','','','','','',''),
  (123,'rex_blog_reply',5,'value','integer','int',0,1,'parentReplyID','Übergeordnete Antwort','','ist ID einer anderen extistierenden Antwort. Wenn 0 (nicht gesetzt), ist es ein Kommentar direkt auf den Blog Post (article_id) and keine Antwort auf einen Kommentar.','','','','0','','','','','','','','','','','','','0','','','','','','','','','','','','','','','','','','','','','','','','','','','','','','','','','','','','','','','','','','','','',''),
  (124,'rex_blog_reply',4,'value','be_link','text',0,1,'articleID','Blog Post','','Ein Blog Blog kann jeder beliebige Redaxo-Artikel sein.','','0','','','','','','','','','','','','','','','','','','','','','','','','','','','','','','','','','','','','','','','','','','','','','','','','','','','','','','','','','','','',''),
  (127,'rex_blog_reply',8,'value','datestamp','datetime',0,0,'createdate','Erstellungsdatum','','','','','','','','','','','','','','','','','','','0','','1','','','','','','','','','','','','0','','','','d.m.Y H:i:s','','','','','','','','','','','','','','','','','','','','','','','','','','',''),
  (128,'rex_blog_reply',7,'value','datestamp','datetime',0,0,'updatedate','Änderungsdatum','','','','','','','','','','','','','','','','','','','0','','0','','','','','','','','','','','','0','','','','d.m.Y. H:i:s','','','','','','','','','','','','','','','','','','','','','','','','','','',''),
  (129,'rex_blog_reply',6,'value','be_manager_relation','int',0,1,'ycomCreateUser','Benutzer (yCom)','','Es ist geplant, nur den Ersteller ändern zu lassen. (Kein extra \"update user\"), anonym=0 oder emptystring','','','','','','rex_ycom_user','login, \', \',email','0','1','1','','','','','','','','','','','','','','','','','','','','','','','','','','','','','','','','','','','','','','','','','','','','','','','','','','','',''),
  (130,'rex_blog_reply',2,'value','textarea','text',0,0,'comment','Antworttext','','Pflichtfeld','','','','','','','','','','','','','','','','','0','','','','','','','','','','','','','','','','','','','','','','','','','','','','','','','','','','','','','','','','','','','','',''),
  (131,'rex_blog_reply',1,'value','text','varchar(191)',0,1,'name','Name','','Pflichtfeld aber beliebig. Überschreibt gespeicherten Namen, wenn Anmeldung existiert!','','','','','','','','','','','','','','','','','0','','','','','','','','','','','','','','','','','','','','','','','','','','','','','','','','','','','','','','','','','','','','',''),
  (132,'rex_blog_reply',9,'value','ip','varchar(191)',0,0,'createIP','IP-Adresse (eigene Routine besser)','','','','','','','','','','','','','','','','','','','0','','','','','','','','','','','','','','','','','','','','','','','','','','','','','','','','','','','','','','','','','','','','',''),
  (133,'rex_blog_reply',3,'value','email','varchar(191)',0,1,'mail','Email-Adresse von \"anonymem\" Nutzer','','Freiwillig, wird nur benötift, um User zuordnung des Eintrages zu erlauben oder über das Projekt zu informieren.','','','','','','','','','','','','','','','','','0','','','','','','','','','','','','','','','','','','','','','','','','','','','','','','','','','','','','','','','','','','','','',''),
  (134,'rex_blog_reply',10,'validate','empty','',1,0,'name','','','','','','','','','','','','','','','','','','','','','','','Sie müssen einen Namen eingeben!!','','','','','','','','','','','','','','','','','','','','','','','','','','','','','','','','','','','','','','','','','',''),
  (135,'rex_blog_reply',11,'value','mediafile','text',1,0,'portrait','Avatar','','Lade ein BIld von dir hoch','','','','','','','','','','','','','','3','','','0','','','','','','','7000','.png,.jpg,.jpeg','','','','','','','','','','','','','','','','','','','','','','','','','','','','','','','','','Timm','','','',''),
  (136,'rex_blog_reply',12,'value','checkbox','tinyint(1)',1,1,'conditions_read','Ich habe die Nutzungsbedingungen und Datenschutzhinweise gelesen','','Pflichtfeld','','','','0','','','','','','','','','','','','','0','','','','','','','','','','','','','','','','','','','','','','','','','','','','','','','','','','','','','','','','','','no,yes','','',''),
  (138,'rex_blog_reply',14,'validate','empty','',1,0,'conditions_read','','','','','','','','','','','','','','','','','','','','','','','Sie müssen bestätigen, dass Sie die Hinweise zur Kenntnis genommen haben.','','','','','','','','','','','','','','','','','','','','','','','','','','','','','','','','','','','','','','','','','',''),
  (139,'tth_begriffsstati',2,'value','textarea','text',0,0,'beschreibung','Beschreibung','','Nützlich als genauere Erklärung des Status-Typs.','','','','','','','','','','','','','','','','','0','','','','','','','','','','','','','','','','','','','','','','','','','','','','','','','','','','','','','','','','','','','','',''),
  (140,'tth_tags',1,'value','text','varchar(191)',0,1,'name','Schlagwort','','Beliebiges Wort, Wortgruppen sind auch möglich.','','','','','','','','','','','','','','','','','0','','','','','','','','','','','','','','','','','','','','','','','','','','','','','','','','','','','','','','','','','','','','',''),
  (141,'tth_tags',2,'value','textarea','text',0,0,'beschreibung','Beschreibung','','','','','','','','','','','','','','','','','','','0','','','','','','','','','','','','','','','','','','','','','','','','','','','','','','','','','','','','','','','','','','','','',''),
  (142,'tth_begriff_tags',1,'value','be_manager_relation','text',1,0,'begriff_id','Begriff','','','','','','','','tth_wortliste','begriff','0','0','','','','','','','','','','','','','','','','','','','','','','','','','','','','','','','','','','','','','','','','','','','','','','','','','','','','',''),
  (143,'tth_begriff_tags',2,'value','be_manager_relation','text',1,0,'tag_id','Schlagwort','','','','','','','','tth_tags','name','0','0','','','','','','','','','','','','','','','','','','','','','','','','','','','','','','','','','','','','','','','','','','','','','','','','','','','','',''),
  (144,'tth_wortliste',6,'value','be_manager_relation','text',0,1,'tag_fuer_begriff','Schlagwörter','','','','','','','','tth_tags','name','3','1','3','tth_begriff_tags','','','','','','','','','','','','','','','','','','','','','','','','','','','','','','','','','','','','','','','','','','','','','','','','','','',''),
  (145,'tth_tags',3,'value','be_manager_relation','text',0,0,'begriffe_fuer_tag','Begriffe für dieses Schlagwort','','Die Auswahl der Schlagwörter unter einem Begriff bearbeitet die *selbe* Beziehung.','','','','','','tth_wortliste','begriff','3','1','10','tth_begriff_tags','','','','','','','','','','','','','','','','','','','','','','','','','','','','','','','','','','','','','','','','','','','','','','','','','','',''),
  (146,'tth_wortliste',8,'value','be_manager_relation','text',1,0,'quellenangabe_fuer_begriff','Quellen','','','','','','','','tth_quellen','kurz','3','1','7','tth_quellenangaben','','','','','','','','','','','','','','','','','','','','','','','','','','','','','','','','','','','','','','','','','','','','','','','','','','',''),
  (147,'tth_glossar',1,'value','text','varchar(191)',0,1,'wort','Stichwort','','','','','','','','','','','','','','','','','','','0','','','','','','','','','','','','','','','','','','','','','','','','','','','','','','','','','','','','','','','','','','','','',''),
  (148,'tth_glossar',2,'value','textarea','mediumtext',0,0,'beschreibung','Beschreibung','','','','','','','','','','','','','','','','','','','0','','','','','','','','','','','','','','','','','','','','','','','','','','','','','','','','','','','','','','','','','','','','',''),
  (149,'tth_glossar',3,'value','text','varchar(191)',0,1,'Anker','Anker','','Der Anker ist eine Zeichenfolge in Kleinschreibung ohne Umlaute, ß oder Leerzeichen, der dem Wort entspricht, aber auch ganz anders benannt werden kann, und dient als Lesezeichen im HTML-Code der Glossar-Seite.','','','','','','','','','','','','','','','','','0','','','','','','','','','','','','','','','','','','','','','','','','','','','','','','','','','','','','','','','','','','','','','');
/*!40000 ALTER TABLE `rex_yform_field` ENABLE KEYS */;
UNLOCK TABLES;

DROP TABLE IF EXISTS `rex_yform_history`;
CREATE TABLE `rex_yform_history` (
  `id` int unsigned NOT NULL AUTO_INCREMENT,
  `table_name` varchar(191) CHARACTER SET utf8mb4 COLLATE utf8mb4_unicode_ci NOT NULL,
  `dataset_id` int NOT NULL,
  `action` varchar(191) CHARACTER SET utf8mb4 COLLATE utf8mb4_unicode_ci NOT NULL,
  `user` varchar(191) CHARACTER SET utf8mb4 COLLATE utf8mb4_unicode_ci NOT NULL,
  `timestamp` datetime NOT NULL,
  PRIMARY KEY (`id`),
  KEY `dataset` (`table_name`,`dataset_id`)
) ENGINE=InnoDB AUTO_INCREMENT=32 DEFAULT CHARSET=utf8mb4 COLLATE=utf8mb4_unicode_ci;

LOCK TABLES `rex_yform_history` WRITE;
/*!40000 ALTER TABLE `rex_yform_history` DISABLE KEYS */;
INSERT INTO `rex_yform_history` VALUES 
  (1,'tth_wortliste',645,'update','Thomas','2020-05-28 18:53:38'),
  (2,'tth_wortliste',645,'update','Thomas','2020-05-28 18:58:49'),
  (3,'tth_wortliste',1923,'create','Thomas','2020-06-03 21:18:50'),
  (4,'tth_wortliste',1923,'update','Thomas','2020-06-03 21:21:02'),
  (5,'tth_wortliste',1923,'delete','Thomas','2020-06-03 21:26:23'),
  (6,'tth_wortliste',1524,'update','Thomas','2020-06-11 11:43:48'),
  (7,'tth_wortliste',1924,'create','Thomas','2020-06-19 11:35:37'),
  (8,'tth_wortliste',645,'update','Thomas','2020-06-26 10:31:32'),
  (9,'tth_wortliste',646,'update','Thomas','2021-02-08 12:03:18'),
  (10,'tth_tags',3,'create','Thomas','2021-02-08 12:08:15'),
  (11,'tth_tags',4,'create','Thomas','2021-02-08 12:08:33'),
  (12,'tth_tags',5,'create','Thomas','2021-02-08 12:08:48'),
  (13,'tth_tags',6,'create','Thomas','2021-02-08 12:09:00'),
  (14,'tth_tags',7,'create','Thomas','2021-02-08 12:09:13'),
  (15,'tth_tags',8,'create','Thomas','2021-02-08 12:09:25'),
  (16,'tth_wortliste',646,'update','Thomas','2021-02-08 12:11:23'),
  (17,'tth_wortliste',651,'update','Thomas','2021-02-08 12:12:02'),
  (18,'tth_tags',2,'update','Thomas','2021-02-08 12:15:20'),
  (19,'tth_tags',4,'update','Thomas','2021-02-08 16:19:34'),
  (20,'tth_tags',4,'update','Thomas','2021-02-10 11:49:20'),
  (21,'tth_wortliste',1925,'create','Thomas','2021-02-12 10:40:19'),
  (22,'tth_wortliste',1926,'create','Thomas','2021-02-12 10:56:35'),
  (23,'tth_wortliste',648,'update','Thomas','2021-02-12 11:54:09'),
  (24,'tth_wortliste',954,'update','Thomas','2021-02-12 11:58:48'),
  (25,'tth_wortliste',666,'update','Thomas','2021-02-22 12:03:36'),
  (26,'tth_wortliste',664,'update','Thomas','2021-02-22 18:08:07'),
  (27,'tth_wortliste',1060,'update','Thomas','2021-03-11 11:56:30'),
  (28,'tth_wortliste',1060,'update','Thomas','2021-03-11 11:57:17'),
  (29,'tth_wortliste',903,'update','Thomas','2021-03-12 10:47:39'),
  (30,'tth_wortliste',661,'update','Thomas','2021-03-12 11:04:24'),
  (31,'tth_tags',1,'update','Thomas','2021-03-21 15:18:14');
/*!40000 ALTER TABLE `rex_yform_history` ENABLE KEYS */;
UNLOCK TABLES;

DROP TABLE IF EXISTS `rex_yform_history_field`;
CREATE TABLE `rex_yform_history_field` (
  `history_id` int NOT NULL,
  `field` varchar(191) CHARACTER SET utf8mb4 COLLATE utf8mb4_unicode_ci NOT NULL,
  `value` longtext CHARACTER SET utf8mb4 COLLATE utf8mb4_unicode_ci NOT NULL,
  PRIMARY KEY (`history_id`,`field`)
) ENGINE=InnoDB DEFAULT CHARSET=utf8mb4 COLLATE=utf8mb4_unicode_ci;

LOCK TABLES `rex_yform_history_field` WRITE;
/*!40000 ALTER TABLE `rex_yform_history_field` DISABLE KEYS */;
INSERT INTO `rex_yform_history_field` VALUES 
  (1,'aequivalent',''),
  (1,'autor_id','2'),
  (1,'bearbeiten','FALSE'),
  (1,'begriff','Abbund'),
  (1,'begriffsstatus_id','2'),
  (1,'benutze','659'),
  (1,'benutzt_fuer','1060;1305;1524'),
  (1,'bild','values.jpg'),
  (1,'code',''),
  (1,'datierung',''),
  (1,'definition','Der Abbund bzw. das Abbinden, ist das maßgerechte Anreißen, Bearbeiten, Zusammenpassen und Kennzeichnen von Schnitt- und Rundholz für Tragwerke, Bauteile und Einbauteile.'),
  (1,'grobgliederung','1059'),
  (1,'historischer_hintergrund',''),
  (1,'kategorie','TRUE'),
  (1,'notes',''),
  (1,'oberbegriffe','954'),
  (1,'quelle_seite','427'),
  (1,'quellen_idlist','2;4;5;7;8;11'),
  (1,'region_id','0'),
  (1,'sprache_id','1'),
  (1,'sprachstil_id',''),
  (1,'unterbegriffe','647'),
  (1,'veroeffentlichen','FALSE'),
  (1,'verwandte_begriffe',''),
  (2,'aequivalent',''),
  (2,'autor_id','2'),
  (2,'bearbeiten','FALSE'),
  (2,'begriff','Abbund'),
  (2,'begriffsstatus_id','2'),
  (2,'benutze','659'),
  (2,'benutzt_fuer','1060;1305;1524'),
  (2,'bild','values.jpg'),
  (2,'code',''),
  (2,'datierung',''),
  (2,'definition','bzw. das Abbinden, ist das maßgerechte Anreißen, Bearbeiten, Zusammenpassen und Kennzeichnen von Schnitt- und Rundholz für Tragwerke, Bauteile und Einbauteile.'),
  (2,'grobgliederung','1059'),
  (2,'historischer_hintergrund',''),
  (2,'kategorie','TRUE'),
  (2,'notes',''),
  (2,'oberbegriffe','954'),
  (2,'quelle_seite','427'),
  (2,'quellen_idlist','2;4;5;7;8;11'),
  (2,'region_id','0'),
  (2,'sprache_id','1'),
  (2,'sprachstil_id',''),
  (2,'unterbegriffe','647'),
  (2,'veroeffentlichen','FALSE'),
  (2,'verwandte_begriffe',''),
  (3,'aequivalent',''),
  (3,'autor_id','4'),
  (3,'bearbeiten','FALSE'),
  (3,'begriff','Thomasbalken'),
  (3,'begriffsstatus_id','7'),
  (3,'benutze',''),
  (3,'benutzt_fuer',''),
  (3,'bild',''),
  (3,'code',''),
  (3,'datierung',''),
  (3,'definition','Das ist ein ganz Besonderer.'),
  (3,'grobgliederung',''),
  (3,'historischer_hintergrund',''),
  (3,'kategorie','FALSE'),
  (3,'notes',''),
  (3,'oberbegriffe',''),
  (3,'quelle_seite',''),
  (3,'quellen_idlist',''),
  (3,'region_id','1'),
  (3,'sprache_id','1'),
  (3,'sprachstil_id','1'),
  (3,'unterbegriffe',''),
  (3,'veroeffentlichen','FALSE'),
  (3,'verwandte_begriffe',''),
  (4,'aequivalent',''),
  (4,'autor_id','4'),
  (4,'bearbeiten','FALSE'),
  (4,'begriff','Thomasbalken'),
  (4,'begriffsstatus_id','7'),
  (4,'benutze',''),
  (4,'benutzt_fuer',''),
  (4,'bild',''),
  (4,'code',''),
  (4,'datierung',''),
  (4,'definition','Das ist ein ganz Besonderer.'),
  (4,'grobgliederung',''),
  (4,'historischer_hintergrund',''),
  (4,'kategorie','FALSE'),
  (4,'notes',''),
  (4,'oberbegriffe',''),
  (4,'quelle_seite',''),
  (4,'quellen_idlist',''),
  (4,'region_id','1'),
  (4,'sprache_id','1'),
  (4,'sprachstil_id','1'),
  (4,'unterbegriffe',''),
  (4,'veroeffentlichen','FALSE'),
  (4,'verwandte_begriffe',''),
  (5,'aequivalent',''),
  (5,'autor_id','4'),
  (5,'bearbeiten','FALSE'),
  (5,'begriff','Thomasbalken'),
  (5,'begriffsstatus_id','7'),
  (5,'benutze',''),
  (5,'benutzt_fuer',''),
  (5,'bild',''),
  (5,'code',''),
  (5,'datierung',''),
  (5,'definition','Das ist ein ganz Besonderer.'),
  (5,'grobgliederung',''),
  (5,'historischer_hintergrund',''),
  (5,'kategorie','FALSE'),
  (5,'notes',''),
  (5,'oberbegriffe',''),
  (5,'quelle_seite',''),
  (5,'quellen_idlist',''),
  (5,'region_id','1'),
  (5,'sprache_id','1'),
  (5,'sprachstil_id','1'),
  (5,'unterbegriffe',''),
  (5,'veroeffentlichen','FALSE'),
  (5,'verwandte_begriffe',''),
  (6,'aequivalent',''),
  (6,'autor_id','8'),
  (6,'bearbeiten','FALSE'),
  (6,'begriff','Timber framing'),
  (6,'begriffsstatus_id','3'),
  (6,'benutze','645'),
  (6,'benutzt_fuer','645;1060;1305'),
  (6,'bild',''),
  (6,'code',''),
  (6,'datierung',''),
  (6,'definition','(Timber) framing / Abbund\r\nManufacturing of joints and assembly of converted timbers into a timber frame. After that the whole construction is usually taken apart and reassembled during the final raising of the building.\r\nHerstellung der Holzverbindungen und Zusammenfügen der in ihren Querschnitten fertig zugerichteten Hölzer. Danach wird die gesamte Konstruktion meist wieder zerlegt und erst bei der Aufrichtung des Baues endgültig zusammengefügt.'),
  (6,'gnd',''),
  (6,'grobgliederung','1058'),
  (6,'historischer_hintergrund',''),
  (6,'kategorie','FALSE'),
  (6,'liste_quellenangaben',''),
  (6,'notes',''),
  (6,'oberbegriffe',''),
  (6,'quelle_seite','411'),
  (6,'quellen_idlist','8'),
  (6,'region_id','0'),
  (6,'sprache_id','2'),
  (6,'sprachstil_id',''),
  (6,'unterbegriffe',''),
  (6,'veroeffentlichen','FALSE'),
  (6,'verwandte_begriffe',''),
  (7,'aequivalent',''),
  (7,'autor_id','1'),
  (7,'bearbeiten','FALSE'),
  (7,'begriff','Facette'),
  (7,'begriffsstatus_id','7'),
  (7,'benutze','0'),
  (7,'benutzt_fuer',''),
  (7,'bild',''),
  (7,'code',''),
  (7,'datierung',''),
  (7,'definition','Dies ist ein kategorischer Überbegriff auf der höchsten Stufe und dient der Strukturierung des Thesaurus. Somit ist sie selbst kein Begriff und keine Benennung aus dem Holzbau.'),
  (7,'gnd',''),
  (7,'grobgliederung',''),
  (7,'historischer_hintergrund',''),
  (7,'kategorie','FALSE'),
  (7,'liste_quellenangaben',''),
  (7,'notes',''),
  (7,'oberbegriffe',''),
  (7,'quelle_seite',''),
  (7,'quellen_idlist',''),
  (7,'region_id','0'),
  (7,'sprache_id','1'),
  (7,'sprachstil_id','0'),
  (7,'unterbegriffe',''),
  (7,'veroeffentlichen','FALSE'),
  (7,'verwandte_begriffe',''),
  (8,'aequivalent',''),
  (8,'autor_id','2'),
  (8,'bearbeiten','FALSE'),
  (8,'begriff','Abbund'),
  (8,'begriffsstatus_id','2'),
  (8,'benutze','0'),
  (8,'benutzt_fuer','1060;1305;1524'),
  (8,'bild','values.jpg'),
  (8,'code',''),
  (8,'datierung',''),
  (8,'definition','bzw. das Abbinden, ist das maßgerechte Anreißen, Bearbeiten, Zusammenpassen und Kennzeichnen von Schnitt- und Rundholz für Tragwerke, Bauteile und Einbauteile.'),
  (8,'gnd',''),
  (8,'grobgliederung','1059'),
  (8,'historischer_hintergrund',''),
  (8,'kategorie','TRUE'),
  (8,'liste_quellenangaben',''),
  (8,'notes',''),
  (8,'oberbegriffe','954'),
  (8,'quelle_seite','427'),
  (8,'quellen_idlist','2;4;5;7;8;11'),
  (8,'region_id','0'),
  (8,'sprache_id','1'),
  (8,'sprachstil_id','0'),
  (8,'unterbegriffe','647'),
  (8,'veroeffentlichen','FALSE'),
  (8,'verwandte_begriffe',''),
  (9,'aequivalent',''),
  (9,'autor_id','1'),
  (9,'bearbeiten','FALSE'),
  (9,'begriff','Abbinden (hart werden)'),
  (9,'begriffsstatus_id','2'),
  (9,'benutze','0'),
  (9,'benutzt_fuer',''),
  (9,'bild',''),
  (9,'code',''),
  (9,'datierung',''),
  (9,'definition','Vorgang bei dem durch chemische Reaktion pastöse oder flüssige Stoffe (z.B. Beton oder Leim ), zuerst erstarren und später ihre Endfestigkeit erreichen.'),
  (9,'gnd',''),
  (9,'grobgliederung','1058'),
  (9,'historischer_hintergrund',''),
  (9,'kategorie','FALSE'),
  (9,'liste_quellenangaben',''),
  (9,'notes',''),
  (9,'oberbegriffe',''),
  (9,'quelle_seite','0'),
  (9,'quellen_idlist',''),
  (9,'region_id','0'),
  (9,'sprache_id','1'),
  (9,'sprachstil_id','0'),
  (9,'unterbegriffe',''),
  (9,'veroeffentlichen','TRUE'),
  (9,'verwandte_begriffe',''),
  (10,'beschreibung',''),
  (10,'name','Fenster'),
  (11,'beschreibung',''),
  (11,'name','Holzverbindung'),
  (12,'beschreibung',''),
  (12,'name','Material'),
  (13,'beschreibung',''),
  (13,'name','Treppe'),
  (14,'beschreibung',''),
  (14,'name','Tür und Tor'),
  (15,'beschreibung',''),
  (15,'name','Werkzeug'),
  (16,'aequivalent',''),
  (16,'autor_id','1'),
  (16,'bearbeiten','FALSE'),
  (16,'begriff','Abbinden (hart werden)'),
  (16,'begriffsstatus_id','2'),
  (16,'benutze','0'),
  (16,'benutzt_fuer',''),
  (16,'bild',''),
  (16,'code',''),
  (16,'datierung',''),
  (16,'definition','Vorgang bei dem durch chemische Reaktion pastöse oder flüssige Stoffe (z.B. Beton oder Leim ), zuerst erstarren und später ihre Endfestigkeit erreichen.'),
  (16,'gnd',''),
  (16,'grobgliederung','1058'),
  (16,'historischer_hintergrund',''),
  (16,'kategorie','FALSE'),
  (16,'liste_quellenangaben',''),
  (16,'notes',''),
  (16,'oberbegriffe',''),
  (16,'quelle_seite','0'),
  (16,'quellen_idlist',''),
  (16,'region_id','0'),
  (16,'sprache_id','1'),
  (16,'sprachstil_id','0'),
  (16,'unterbegriffe',''),
  (16,'veroeffentlichen','TRUE'),
  (16,'verwandte_begriffe',''),
  (17,'aequivalent',''),
  (17,'autor_id','1'),
  (17,'bearbeiten','FALSE'),
  (17,'begriff','Abschnittsriß'),
  (17,'begriffsstatus_id','2'),
  (17,'benutze','0'),
  (17,'benutzt_fuer',''),
  (17,'bild',''),
  (17,'code',''),
  (17,'datierung',''),
  (17,'definition','ein durch Kreuze (mindestens 2 pro Seite) gekennzeichneter und oft umlaufender Riss'),
  (17,'gnd',''),
  (17,'grobgliederung','645'),
  (17,'historischer_hintergrund',''),
  (17,'kategorie','FALSE'),
  (17,'liste_quellenangaben',''),
  (17,'notes',''),
  (17,'oberbegriffe','661'),
  (17,'quelle_seite','0'),
  (17,'quellen_idlist','2'),
  (17,'region_id','0'),
  (17,'sprache_id','1'),
  (17,'sprachstil_id','0'),
  (17,'unterbegriffe',''),
  (17,'veroeffentlichen','FALSE'),
  (17,'verwandte_begriffe',''),
  (18,'beschreibung',''),
  (18,'name','Bauteil'),
  (19,'beschreibung',''),
  (19,'name','ZHolzverbindung'),
  (20,'beschreibung',''),
  (20,'name','Holzverbindung'),
  (21,'aequivalent',''),
  (21,'autor_id','4'),
  (21,'bearbeiten','TRUE'),
  (21,'begriff','Akteure'),
  (21,'begriffsstatus_id','8'),
  (21,'benutze','0'),
  (21,'benutzt_fuer',''),
  (21,'bild',''),
  (21,'code',''),
  (21,'datierung',''),
  (21,'definition','Subjekte, die den Bau beeinflussen.'),
  (21,'gnd',''),
  (21,'grobgliederung',''),
  (21,'historischer_hintergrund',''),
  (21,'kategorie','TRUE'),
  (21,'liste_quellenangaben',''),
  (21,'notes','Wird als Facette Sonderfunktionen, Hinweise und Warnungen auslösen.'),
  (21,'oberbegriffe',''),
  (21,'quelle_seite',''),
  (21,'quellen_idlist',''),
  (21,'region_id','0'),
  (21,'sprache_id','1'),
  (21,'sprachstil_id','0'),
  (21,'unterbegriffe',''),
  (21,'veroeffentlichen','FALSE'),
  (21,'verwandte_begriffe',''),
  (22,'aequivalent',''),
  (22,'autor_id','4'),
  (22,'bearbeiten','FALSE'),
  (22,'begriff','Aktivitäten (und Ereignisse)'),
  (22,'begriffsstatus_id','8'),
  (22,'benutze','0'),
  (22,'benutzt_fuer',''),
  (22,'bild',''),
  (22,'code',''),
  (22,'datierung',''),
  (22,'definition',''),
  (22,'gnd',''),
  (22,'grobgliederung',''),
  (22,'historischer_hintergrund',''),
  (22,'kategorie','FALSE'),
  (22,'liste_quellenangaben',''),
  (22,'notes',''),
  (22,'oberbegriffe',''),
  (22,'quelle_seite',''),
  (22,'quellen_idlist',''),
  (22,'region_id','0'),
  (22,'sprache_id','1'),
  (22,'sprachstil_id','0'),
  (22,'unterbegriffe',''),
  (22,'veroeffentlichen','FALSE'),
  (22,'verwandte_begriffe',''),
  (23,'aequivalent',''),
  (23,'autor_id','1'),
  (23,'bearbeiten','FALSE'),
  (23,'begriff','Abfangen'),
  (23,'begriffsstatus_id','4'),
  (23,'benutze','0'),
  (23,'benutzt_fuer',''),
  (23,'bild',''),
  (23,'code',''),
  (23,'datierung',''),
  (23,'definition','ist das Aufnehmen von Lasten durch Tragwerke ( Träger-, Joch- oder Strebekonstruktion). Bei Umbauten auch das vorrübergehende Abstützen von Bauteilen.'),
  (23,'gnd',''),
  (23,'grobgliederung','1058'),
  (23,'historischer_hintergrund',''),
  (23,'kategorie','FALSE'),
  (23,'liste_quellenangaben',''),
  (23,'notes',''),
  (23,'oberbegriffe',''),
  (23,'quelle_seite','0'),
  (23,'quellen_idlist','2'),
  (23,'region_id','0'),
  (23,'sprache_id','1'),
  (23,'sprachstil_id','0'),
  (23,'unterbegriffe',''),
  (23,'veroeffentlichen','FALSE'),
  (23,'verwandte_begriffe',''),
  (24,'aequivalent',''),
  (24,'autor_id','1'),
  (24,'bearbeiten','TRUE'),
  (24,'begriff','Aktivität'),
  (24,'begriffsstatus_id','2'),
  (24,'benutze','0'),
  (24,'benutzt_fuer',''),
  (24,'bild',''),
  (24,'code','6.1'),
  (24,'datierung',''),
  (24,'definition','Tätigkeiten und Handungen von Personen'),
  (24,'gnd',''),
  (24,'grobgliederung','1058'),
  (24,'historischer_hintergrund',''),
  (24,'kategorie','FALSE'),
  (24,'liste_quellenangaben',''),
  (24,'notes',''),
  (24,'oberbegriffe','1058'),
  (24,'quelle_seite','0'),
  (24,'quellen_idlist',''),
  (24,'region_id','0'),
  (24,'sprache_id','1'),
  (24,'sprachstil_id','0'),
  (24,'unterbegriffe','660;671;870;881;1060'),
  (24,'veroeffentlichen','FALSE'),
  (24,'verwandte_begriffe',''),
  (25,'aequivalent',''),
  (25,'autor_id','1'),
  (25,'bearbeiten','FALSE'),
  (25,'begriff','Armierung (Betonbau)'),
  (25,'begriffsstatus_id','1'),
  (25,'benutze','0'),
  (25,'benutzt_fuer',''),
  (25,'bild',''),
  (25,'code',''),
  (25,'datierung',''),
  (25,'definition','Betonbau - (Rund-)Eisen zur Aufnahme des Zuges im Beton'),
  (25,'gnd',''),
  (25,'grobgliederung','1058'),
  (25,'historischer_hintergrund',''),
  (25,'kategorie','FALSE'),
  (25,'liste_quellenangaben',''),
  (25,'notes',''),
  (25,'oberbegriffe',''),
  (25,'quelle_seite','0'),
  (25,'quellen_idlist',''),
  (25,'region_id','0'),
  (25,'sprache_id','1'),
  (25,'sprachstil_id','0'),
  (25,'unterbegriffe',''),
  (25,'veroeffentlichen','FALSE'),
  (25,'verwandte_begriffe',''),
  (26,'aequivalent',''),
  (26,'autor_id','6'),
  (26,'bearbeiten','FALSE'),
  (26,'begriff','Antrittspfosten'),
  (26,'begriffsstatus_id','2'),
  (26,'benutze','0'),
  (26,'benutzt_fuer',''),
  (26,'bild',''),
  (26,'code',''),
  (26,'datierung',''),
  (26,'definition','Anfang eines Treppengeländers, der oft repräsentativ gestaltet ist.'),
  (26,'gnd',''),
  (26,'grobgliederung','1277'),
  (26,'historischer_hintergrund',''),
  (26,'kategorie','FALSE'),
  (26,'liste_quellenangaben',''),
  (26,'notes',''),
  (26,'oberbegriffe','1277'),
  (26,'quelle_seite','17'),
  (26,'quellen_idlist','6'),
  (26,'region_id','0'),
  (26,'sprache_id','1'),
  (26,'sprachstil_id','0'),
  (26,'unterbegriffe',''),
  (26,'veroeffentlichen','FALSE'),
  (26,'verwandte_begriffe',''),
  (27,'aequivalent','646'),
  (27,'autor_id','2'),
  (27,'bearbeiten','FALSE'),
  (27,'begriff','Abbinden (Zimmermann)'),
  (27,'begriffsstatus_id','3'),
  (27,'benutze','645'),
  (27,'benutzt_fuer','645'),
  (27,'bild',''),
  (27,'code','6.1.1'),
  (27,'datierung',''),
  (27,'definition','siehe [Abbund](?begriff_id=645)\r\n*[benötigt eigenes URL-Schema, da von Implementation des CMS unabhängig sein soll]*'),
  (27,'gnd',''),
  (27,'grobgliederung','1058'),
  (27,'historischer_hintergrund',''),
  (27,'kategorie','FALSE'),
  (27,'liste_quellenangaben',''),
  (27,'notes','auch als Verb zubenutzen'),
  (27,'oberbegriffe',''),
  (27,'quelle_seite','427'),
  (27,'quellen_idlist','2;5;7;8'),
  (27,'region_id','0'),
  (27,'sprache_id','1'),
  (27,'sprachstil_id','0'),
  (27,'unterbegriffe',''),
  (27,'veroeffentlichen','TRUE'),
  (27,'verwandte_begriffe',''),
  (28,'aequivalent','646'),
  (28,'autor_id','2'),
  (28,'bearbeiten','FALSE'),
  (28,'begriff','Abbinden (Zimmermann)'),
  (28,'begriffsstatus_id','3'),
  (28,'benutze','645'),
  (28,'benutzt_fuer','645'),
  (28,'bild',''),
  (28,'code','6.1.1'),
  (28,'datierung',''),
  (28,'definition','siehe [Abbund](?begriff_id=645)\r\n*[benötigt eigenes URL-Schema, da von Implementation des CMS unabhängig sein soll]*'),
  (28,'gnd',''),
  (28,'grobgliederung','1058'),
  (28,'historischer_hintergrund',''),
  (28,'kategorie','FALSE'),
  (28,'liste_quellenangaben',''),
  (28,'notes','auch als Verb zubenutzen'),
  (28,'oberbegriffe',''),
  (28,'quelle_seite','427'),
  (28,'quellen_idlist','2;5;7;8'),
  (28,'region_id','0'),
  (28,'sprache_id','1'),
  (28,'sprachstil_id','0'),
  (28,'unterbegriffe',''),
  (28,'veroeffentlichen','TRUE'),
  (28,'verwandte_begriffe',''),
  (29,'aequivalent',''),
  (29,'autor_id','4'),
  (29,'bearbeiten','FALSE'),
  (29,'begriff','Strebe'),
  (29,'begriffsstatus_id','2'),
  (29,'benutze','0'),
  (29,'benutzt_fuer','903;1241;1242;1243;1244;1245'),
  (29,'bild',''),
  (29,'code','2.12'),
  (29,'datierung',''),
  (29,'definition','In der Regel ständerstarkes Schrägholz zur Herstellung des Dreiecksverbandes, der Aussteifung einer Wand oder einer Gefügeeinheit. s. Kopf-, Fuß-, Ständer-, Fachstrebe.'),
  (29,'gnd',''),
  (29,'grobgliederung','1275'),
  (29,'historischer_hintergrund',''),
  (29,'kategorie','FALSE'),
  (29,'liste_quellenangaben',''),
  (29,'notes',''),
  (29,'oberbegriffe','1238;1275'),
  (29,'quelle_seite','72'),
  (29,'quellen_idlist','4;5;6;7;8;11'),
  (29,'region_id','0'),
  (29,'sprache_id','1'),
  (29,'sprachstil_id','0'),
  (29,'unterbegriffe','749;775;975;1151;1161;1246;1248'),
  (29,'veroeffentlichen','TRUE'),
  (29,'verwandte_begriffe',''),
  (30,'aequivalent',''),
  (30,'autor_id','1'),
  (30,'bearbeiten','FALSE'),
  (30,'begriff','Anriss'),
  (30,'begriffsstatus_id','3'),
  (30,'benutze','662'),
  (30,'benutzt_fuer',''),
  (30,'bild',''),
  (30,'code',''),
  (30,'datierung',''),
  (30,'definition','Markierungen (meist Linien) auf dem Holz die das weiterverarbeiten bestimmen, z.B. für Ab- und Einschnitte oder Ausnehmungen.'),
  (30,'gnd',''),
  (30,'grobgliederung','645'),
  (30,'historischer_hintergrund',''),
  (30,'kategorie','FALSE'),
  (30,'liste_quellenangaben',''),
  (30,'notes',''),
  (30,'oberbegriffe','647'),
  (30,'quelle_seite','0'),
  (30,'quellen_idlist','2;5;6;11'),
  (30,'region_id','0'),
  (30,'sprache_id','1'),
  (30,'sprachstil_id','0'),
  (30,'unterbegriffe','651;654;712;755;817;843;845'),
  (30,'veroeffentlichen','FALSE'),
  (30,'verwandte_begriffe',''),
  (31,'beschreibung','Dieses Schlagwort ist nicht zu verwechseln mit der \"Entität\" **Abbund**.'),
  (31,'name','Abbund');
/*!40000 ALTER TABLE `rex_yform_history_field` ENABLE KEYS */;
UNLOCK TABLES;

DROP TABLE IF EXISTS `rex_yform_table`;
CREATE TABLE `rex_yform_table` (
  `id` int unsigned NOT NULL AUTO_INCREMENT,
  `status` tinyint(1) NOT NULL,
  `table_name` varchar(191) CHARACTER SET utf8mb4 COLLATE utf8mb4_unicode_ci NOT NULL,
  `name` varchar(191) CHARACTER SET utf8mb4 COLLATE utf8mb4_unicode_ci NOT NULL,
  `description` text CHARACTER SET utf8mb4 COLLATE utf8mb4_unicode_ci NOT NULL,
  `list_amount` int NOT NULL DEFAULT '50',
  `list_sortfield` varchar(191) CHARACTER SET utf8mb4 COLLATE utf8mb4_unicode_ci NOT NULL DEFAULT 'id',
  `list_sortorder` enum('ASC','DESC') CHARACTER SET utf8mb4 COLLATE utf8mb4_unicode_ci NOT NULL DEFAULT 'ASC',
  `prio` int NOT NULL,
  `search` tinyint(1) NOT NULL,
  `hidden` tinyint(1) NOT NULL,
  `export` tinyint(1) NOT NULL,
  `import` tinyint(1) NOT NULL,
  `mass_deletion` tinyint(1) NOT NULL,
  `mass_edit` tinyint(1) NOT NULL,
  `schema_overwrite` tinyint(1) NOT NULL DEFAULT '1',
  `history` tinyint(1) NOT NULL,
  PRIMARY KEY (`id`),
  UNIQUE KEY `table_name` (`table_name`)
) ENGINE=InnoDB AUTO_INCREMENT=25 DEFAULT CHARSET=utf8mb4 COLLATE=utf8mb4_unicode_ci;

LOCK TABLES `rex_yform_table` WRITE;
/*!40000 ALTER TABLE `rex_yform_table` DISABLE KEYS */;
INSERT INTO `rex_yform_table` VALUES 
  (1,1,'tth_autoren','Autoren','',50,'id','ASC',3,0,0,0,0,0,0,1,0),
  (2,1,'tth_sprachen','Sprachen','',50,'id','ASC',5,0,0,0,0,0,0,1,0),
  (3,1,'tth_sprachstile','Sprachstile','',50,'id','ASC',6,0,0,1,0,0,0,1,0),
  (4,1,'tth_begriffsstati','Begriffs-Stati','',50,'id','ASC',7,0,0,0,0,0,0,1,0),
  (5,1,'tth_quellen','Quellen','',50,'id','ASC',11,0,0,0,0,0,0,1,0),
  (6,1,'tth_regionen','Regionen','',50,'id','ASC',13,0,0,0,0,0,0,1,0),
  (7,1,'tth_wortliste','Begriffe','Haupttabelle der DB, enthält Referenzen auf andere Tabellen sowie auf eigene Einträge über Beziehungs-Auswahllisten. Einige der ursprünglichen Felder sind nur im \"Frontend\" sichtbar.',50,'id','ASC',1,1,0,1,1,0,0,1,1),
  (8,0,'tth_begriff_grobgliederung','Beziehung Begriff zu Grobgliederung','many-to-many',50,'id','ASC',14,0,0,0,0,0,0,0,0),
  (9,0,'tth_begriff_quellen','ND_Text Quellen','jedem Text können beliebig viele Quellen zugrordnet werden. Das Seitenzahl-Problem erfordert eigentlich ein 3-stufiges Konzept mit 1 Tabelle mehr.',50,'id','ASC',15,0,0,0,0,0,0,1,0),
  (10,0,'tth_begriff_oberbegriffe','Beziehung Begriff zu Oberbegriffen','',50,'id','ASC',16,0,0,0,0,0,0,1,0),
  (11,0,'tth_begriff_unterbegriffe','Beziehung Begriff zu Unterbegriffen','',50,'id','ASC',17,0,0,0,0,0,0,1,0),
  (12,0,'tth_begriff_verwandte','Beziehung Verwandte Begriffe','',50,'id','ASC',18,0,0,0,0,0,0,1,0),
  (13,0,'tth_begriff_aequivalente','Beziehung Begriff zu Äquivalenten','',50,'id','ASC',19,0,0,0,0,0,0,1,0),
  (14,1,'tth_quellenangaben','Quellenangaben','',50,'begriff_id','ASC',9,1,0,0,0,0,0,1,0),
  (15,0,'tth_quellen_autoren','Autoren für Quellen','',50,'id','ASC',12,0,1,0,0,0,0,1,0),
  (16,0,'tth_quellenangaben_felder','Felder für Quellenangaben','Feldtypen, auf die sich Quellenangaben beziehen können',50,'id','ASC',10,0,0,0,0,0,0,1,0),
  (17,1,'tth_tabellennamen','Tabellen-Benennung','Dient der Dokumentation des Tabellensystems. Wichtig!: Namen müssen exakt mit tatsächlich existierenden Tabellen übereinstimmen',50,'id','ASC',20,0,0,0,0,0,0,1,0),
  (18,1,'tth_metabegriffe','Meta-Begriffe','Definiert besondere Begriffe für die Verwendung als \"Grobgliederung\".',50,'id','ASC',21,0,0,0,0,0,0,1,0),
  (19,1,'rex_ycom_user','translate:rex_ycom_user','',100,'login','DESC',2,1,0,1,1,0,0,1,0),
  (20,1,'rex_ycom_group','translate:ycom_group_name','',200,'name','ASC',4,0,0,1,1,0,0,1,0),
  (21,1,'rex_blog_reply','Blog Reply','Each entry is a reply. An initial comment is as special reply with replyID=0. Otherwise replyID is ID of an existing reply which results in \"reply trees\" (matter of correct output format).',50,'id','ASC',23,0,0,1,0,1,1,1,0),
  (22,1,'tth_tags','Schlagwörter','Ein Tag hat eine n:m-Beziehung zur Wortliste, deshalb benötigen wir eine Beziehungstabelle.',50,'id','ASC',8,0,0,0,0,0,0,1,1),
  (23,0,'tth_begriff_tags','Tags für Begriffe','Beziehung Liste der Tags zu Wortliste (n:m)',50,'id','ASC',24,0,0,0,0,0,0,1,0),
  (24,1,'tth_glossar','Glossar','Begriffsdefinitionen und Regeln für DB-Beziehungen.',50,'wort','ASC',22,0,0,0,0,0,0,1,0);
/*!40000 ALTER TABLE `rex_yform_table` ENABLE KEYS */;
UNLOCK TABLES;

DROP TABLE IF EXISTS `rex_yrewrite_alias`;
CREATE TABLE `rex_yrewrite_alias` (
  `id` int unsigned NOT NULL AUTO_INCREMENT,
  `alias_domain` varchar(191) CHARACTER SET utf8mb4 COLLATE utf8mb4_unicode_ci NOT NULL,
  `domain_id` int NOT NULL,
  `clang_start` int NOT NULL,
  PRIMARY KEY (`id`)
) ENGINE=InnoDB DEFAULT CHARSET=utf8mb4 COLLATE=utf8mb4_unicode_ci;
DROP TABLE IF EXISTS `rex_yrewrite_domain`;
CREATE TABLE `rex_yrewrite_domain` (
  `id` int unsigned NOT NULL AUTO_INCREMENT,
  `domain` varchar(191) CHARACTER SET utf8mb4 COLLATE utf8mb4_unicode_ci NOT NULL,
  `mount_id` int NOT NULL,
  `start_id` int NOT NULL,
  `notfound_id` int NOT NULL,
  `clangs` varchar(191) CHARACTER SET utf8mb4 COLLATE utf8mb4_unicode_ci NOT NULL,
  `clang_start` int NOT NULL,
  `clang_start_auto` tinyint(1) NOT NULL,
  `clang_start_hidden` tinyint(1) NOT NULL,
  `robots` text CHARACTER SET utf8mb4 COLLATE utf8mb4_unicode_ci NOT NULL,
  `title_scheme` varchar(191) CHARACTER SET utf8mb4 COLLATE utf8mb4_unicode_ci NOT NULL,
  `description` varchar(191) CHARACTER SET utf8mb4 COLLATE utf8mb4_unicode_ci NOT NULL,
  `auto_redirect` tinyint(1) NOT NULL,
  `auto_redirect_days` int NOT NULL,
  PRIMARY KEY (`id`)
) ENGINE=InnoDB DEFAULT CHARSET=utf8mb4 COLLATE=utf8mb4_unicode_ci;
DROP TABLE IF EXISTS `rex_yrewrite_forward`;
CREATE TABLE `rex_yrewrite_forward` (
  `id` int unsigned NOT NULL AUTO_INCREMENT,
  `domain_id` int NOT NULL,
  `status` int NOT NULL,
  `url` varchar(191) CHARACTER SET utf8mb4 COLLATE utf8mb4_unicode_ci NOT NULL,
  `type` varchar(191) CHARACTER SET utf8mb4 COLLATE utf8mb4_unicode_ci NOT NULL,
  `article_id` int NOT NULL,
  `clang` int NOT NULL,
  `extern` varchar(191) CHARACTER SET utf8mb4 COLLATE utf8mb4_unicode_ci NOT NULL,
  `media` varchar(191) CHARACTER SET utf8mb4 COLLATE utf8mb4_unicode_ci NOT NULL,
  `movetype` varchar(191) CHARACTER SET utf8mb4 COLLATE utf8mb4_unicode_ci NOT NULL,
  `expiry_date` date NOT NULL,
  PRIMARY KEY (`id`)
) ENGINE=InnoDB DEFAULT CHARSET=utf8mb4 COLLATE=utf8mb4_unicode_ci;
SET FOREIGN_KEY_CHECKS = 1;
